,0,1,2,3,4,5,6,7,8,9,10,11,12,13,14,15,16,17,18,19,20,21,22,23,24,25,26,27,28,29,30,31
0,8.96875,140.30859375,29,829.0,4.96875,48.37109375,22,430.0,12.65625,494.1083984375,24,1202.0,26.875,1558.734375,34,2362.0,21.890625,1033.386474609375,47,2594.0,21.765625,789.622802734375,40,2275.0,30.78125,2106.0302734375,35,3061.0,18.234375,792.534912109375,37,1824.0
1,16.203125,448.755615234375,33,1640.0,10.6875,194.8740234375,33,1079.0,28.59375,1531.1083984375,30,2619.0,42.28125,2825.9599609375,32,3599.0,28.15625,1344.828125,39,3091.0,37.296875,2237.560302734375,39,4033.0,54.609375,4223.866943359375,38,5469.0,42.546875,3028.706787109375,40,4502.0
2,27.65625,1356.2255859375,37,2729.0,19.421875,645.823974609375,35,1776.0,41.0,2486.65234375,37,3914.0,47.4375,3341.9365234375,31,4020.0,26.671875,1125.439208984375,32,2641.0,47.421875,3456.859130859375,41,5242.0,53.21875,3924.46875,35,5001.0,66.59375,5965.87109375,39,6815.0
3,32.46875,1778.5458984375,35,3241.0,21.953125,764.304443359375,32,1993.0,41.296875,2579.849365234375,38,3981.0,55.0,4024.078125,34,4814.0,24.265625,1008.972412109375,34,2494.0,46.421875,3358.138427734375,39,5009.0,53.6875,4005.12109375,35,5057.0,71.765625,6547.439208984375,40,7553.0
4,34.0,1815.68359375,35,3599.0,20.515625,646.980224609375,33,2138.0,37.734375,2182.073974609375,40,3766.0,55.609375,4175.882568359375,39,5536.0,20.109375,728.359130859375,33,2070.0,43.484375,2756.831787109375,38,4439.0,57.59375,4440.58984375,41,6085.0,68.25,5940.1865234375,45,7228.0
5,33.0625,1727.4287109375,40,3561.0,19.109375,574.661865234375,32,1996.0,37.15625,2202.140625,40,3795.0,48.484375,3469.814208984375,35,4862.0,21.921875,769.878662109375,44,2447.0,49.515625,3451.118896484375,37,5039.0,49.046875,3409.964599609375,39,5159.0,64.078125,5471.318115234375,45,6761.0
6,23.953125,962.890380859375,38,2565.0,14.265625,342.107177734375,31,1478.0,39.15625,2459.609375,37,3510.0,43.53125,2740.96484375,23,3330.0,16.71875,475.5,42,1867.0,48.734375,3331.960693359375,34,4605.0,44.625,2968.7880859375,40,4736.0,48.609375,3647.089599609375,39,5142.0
7,26.140625,1188.273193359375,39,2814.0,17.203125,488.734130859375,36,1758.0,37.796875,2198.689208984375,34,3301.0,47.9375,3334.9521484375,26,3946.0,16.171875,474.960693359375,36,1775.0,45.296875,2707.892333984375,35,4021.0,53.9375,4205.0380859375,45,5521.0,47.5625,3555.546875,40,5162.0
8,30.8125,1614.8115234375,39,3369.0,20.296875,650.782958984375,38,2068.0,33.125,1793.8115234375,31,3200.0,49.953125,3686.398193359375,38,4814.0,22.796875,825.896240234375,41,2514.0,54.015625,3853.302490234375,40,5465.0,54.0,4222.4755859375,42,5671.0,53.75,4092.34375,41,5753.0
9,27.140625,1185.626708984375,35,2792.0,17.484375,507.409912109375,34,1744.0,29.71875,1500.765625,32,2983.0,42.640625,2945.755615234375,35,4233.0,23.3125,840.5693359375,38,2383.0,47.328125,3242.245849609375,40,5049.0,49.390625,3413.900146484375,41,5251.0,52.40625,3738.27734375,38,5264.0
10,29.28125,1311.640625,35,3005.0,17.9375,515.68359375,34,1768.0,28.953125,1323.159912109375,38,2924.0,39.671875,2665.154052734375,34,4195.0,18.03125,543.8271484375,36,1847.0,38.71875,2482.2724609375,40,4235.0,47.796875,3256.638427734375,40,5018.0,57.796875,4423.702880859375,35,5700.0
11,25.328125,1078.829833984375,37,2705.0,16.125,427.02734375,38,1612.0,29.5625,1478.0,30,2678.0,40.421875,2670.945068359375,34,4100.0,16.875,480.52734375,37,1850.0,36.6875,2253.7255859375,40,3931.0,43.1875,2905.171875,36,4490.0,54.25,4105.80859375,39,5534.0
12,17.0625,471.9052734375,38,1821.0,11.609375,211.671630859375,39,1219.0,27.203125,1295.255615234375,28,2424.0,42.125,2775.8037109375,32,4054.0,14.984375,368.257568359375,33,1526.0,32.15625,1646.2099609375,40,3410.0,31.75,1870.0927734375,38,3457.0,47.0625,3328.53125,41,4965.0
13,16.140625,459.472412109375,38,1720.0,11.015625,195.667724609375,39,1179.0,22.1875,743.65234375,32,2039.0,36.921875,2339.161865234375,33,3677.0,12.140625,226.763427734375,34,1158.0,33.484375,1734.601318359375,39,3650.0,27.203125,1455.570068359375,38,3006.0,46.765625,3263.421630859375,46,5142.0
14,15.546875,388.091552734375,39,1576.0,11.6875,199.9521484375,36,1134.0,21.59375,705.0693359375,34,1950.0,36.359375,2217.023193359375,37,3744.0,13.734375,309.191162109375,38,1386.0,33.953125,1621.345458984375,34,3347.0,27.015625,1262.263427734375,33,2750.0,37.0,2066.7880859375,42,3849.0
15,13.921875,300.531005859375,39,1365.0,10.625,163.03125,40,1030.0,24.953125,1071.739990234375,42,2616.0,34.203125,2026.593505859375,36,3446.0,13.765625,298.863037109375,41,1521.0,34.640625,1812.273193359375,40,3636.0,23.59375,817.5380859375,33,2274.0,31.609375,1551.134521484375,37,3121.0
16,12.28125,260.9990234375,37,1278.0,8.53125,109.58984375,37,823.0,24.65625,1145.7177734375,37,2580.0,29.0,1563.9755859375,35,3103.0,12.0625,231.6396484375,37,1292.0,37.546875,2245.968505859375,43,3979.0,27.921875,1246.546630859375,34,2832.0,35.515625,1931.523193359375,42,3883.0
17,12.625,254.46484375,35,1246.0,8.65625,115.46484375,34,824.0,22.578125,924.009521484375,31,2085.0,33.765625,1914.765380859375,40,3617.0,11.109375,219.911865234375,35,1151.0,30.0,1585.02734375,35,3055.0,30.453125,1544.986083984375,39,3394.0,34.3125,1801.3662109375,41,3790.0
18,15.609375,466.558349609375,33,1499.0,11.109375,201.771240234375,37,1092.0,26.296875,1146.948974609375,30,2274.0,36.25,2078.1552734375,35,3559.0,11.296875,190.913818359375,33,1053.0,27.984375,1180.997802734375,32,2656.0,30.796875,1670.501708984375,41,3429.0,40.234375,2596.644287109375,39,4161.0
19,17.09375,553.578125,40,1741.0,11.671875,230.546630859375,36,1202.0,25.65625,1157.49609375,26,2303.0,41.3125,2772.984375,32,4042.0,12.71875,226.9677734375,36,1210.0,31.109375,1434.835693359375,36,3009.0,29.375,1588.1083984375,40,3137.0,44.6875,3069.2724609375,40,4627.0
20,14.390625,354.175537109375,42,1543.0,9.140625,143.435302734375,31,906.0,22.71875,912.015625,26,2186.0,39.96875,2652.03125,30,3646.0,12.328125,229.183349609375,43,1337.0,26.59375,1133.74609375,34,2716.0,23.140625,947.376708984375,41,2471.0,38.0,2232.90234375,44,4072.0
21,18.203125,590.029052734375,41,1981.0,13.34375,382.2021484375,33,1377.0,32.96875,1761.05859375,36,3281.0,39.71875,2403.4052734375,32,3602.0,12.78125,267.80859375,44,1388.0,29.6875,1440.8662109375,33,3130.0,25.765625,1128.325927734375,39,2643.0,37.546875,2117.573974609375,47,4168.0
22,22.15625,873.2724609375,41,2381.0,17.765625,578.771240234375,39,1915.0,43.140625,2934.165771484375,41,4250.0,44.53125,2941.5458984375,39,4337.0,15.65625,393.9833984375,38,1624.0,37.3125,2132.9677734375,38,3828.0,35.546875,1909.081787109375,35,3286.0,40.4375,2506.58984375,42,4392.0
23,23.640625,956.286865234375,34,2404.0,16.921875,458.470458984375,35,1659.0,40.40625,2806.62109375,39,4069.0,43.765625,2884.132568359375,33,4024.0,15.71875,384.68359375,35,1601.0,39.734375,2212.841552734375,39,3948.0,39.078125,2451.234130859375,30,3830.0,44.953125,3217.679443359375,35,4791.0
24,24.8125,955.265625,33,2517.0,15.15625,354.7021484375,36,1472.0,37.40625,2334.62109375,36,3517.0,49.0,3848.02734375,28,4373.0,15.859375,413.804443359375,39,1748.0,37.046875,1893.870849609375,36,3487.0,39.03125,2602.24609375,36,4328.0,48.9375,3662.8271484375,38,5226.0
25,21.875,820.59375,37,2404.0,12.875,288.40234375,39,1381.0,40.171875,2641.572021484375,28,3716.0,51.25,4062.7568359375,29,4384.0,15.09375,396.8505859375,38,1681.0,35.375,1762.953125,37,3322.0,34.859375,2034.646240234375,40,3831.0,50.9375,3841.9365234375,41,5490.0
26,15.515625,510.370849609375,31,1684.0,11.890625,250.447021484375,35,1244.0,42.0,3022.90234375,32,4283.0,48.46875,3509.15234375,30,4006.0,12.46875,262.25,37,1338.0,33.46875,1635.8115234375,38,3331.0,33.390625,1849.521240234375,33,3405.0,44.921875,3160.419677734375,41,4804.0
27,16.515625,494.546630859375,33,1725.0,13.59375,290.4521484375,34,1388.0,42.1875,2868.0537109375,39,4571.0,50.15625,3757.6708984375,29,4399.0,13.640625,277.749755859375,36,1357.0,47.453125,3245.198974609375,41,4819.0,44.296875,2951.517333984375,30,4314.0,48.171875,3414.068115234375,45,5223.0
28,25.1875,914.2646484375,35,2473.0,17.015625,413.478271484375,39,1679.0,45.21875,3130.0146484375,36,4672.0,55.03125,4347.7099609375,28,4895.0,18.28125,517.4130859375,39,1868.0,57.328125,4174.599365234375,41,5526.0,46.265625,3156.775146484375,33,4425.0,58.75,4467.140625,42,5821.0
29,29.265625,1465.712646484375,34,2923.0,18.640625,589.597412109375,40,1925.0,46.1875,3318.7646484375,31,4276.0,58.28125,4792.9052734375,27,4908.0,21.65625,692.05859375,39,2246.0,51.359375,3489.531005859375,35,4781.0,51.484375,3815.193115234375,41,5246.0,60.78125,4984.1240234375,36,5967.0
30,31.046875,1801.460693359375,38,3380.0,20.90625,752.9833984375,39,2035.0,48.0,3341.7255859375,33,4255.0,53.203125,4052.931396484375,28,4501.0,24.34375,904.7021484375,35,2343.0,52.78125,3833.1875,39,5215.0,55.28125,4170.4375,46,5649.0,57.703125,4990.857177734375,39,6416.0
31,38.328125,2409.759521484375,38,4135.0,34.109375,1871.911865234375,33,2738.0,57.625,4610.4521484375,32,5120.0,53.609375,4319.214599609375,27,4600.0,31.625,1655.1318359375,35,3229.0,53.65625,4108.0302734375,38,5340.0,51.0,3607.80859375,40,4795.0,56.828125,4704.579833984375,31,5161.0
32,38.828125,2359.730224609375,39,4136.0,49.71875,3507.015625,27,3858.0,65.5,5768.390625,31,5695.0,55.78125,4563.12109375,27,4767.0,41.859375,2600.054443359375,43,4476.0,55.6875,4298.6787109375,30,4891.0,50.125,3398.8271484375,33,4431.0,61.921875,4978.448974609375,32,5594.0
33,37.109375,2135.271240234375,40,3913.0,49.015625,3414.378662109375,27,3830.0,67.0,5945.0771484375,29,5650.0,62.671875,5228.995849609375,28,4800.0,43.96875,2808.84375,44,4514.0,58.4375,4555.3037109375,34,5599.0,51.0,3675.2880859375,33,4575.0,66.359375,6028.665771484375,39,6698.0
34,47.140625,3228.023193359375,43,4998.0,37.25,2229.6943359375,26,3129.0,63.71875,5691.7490234375,30,5761.0,62.6875,5219.4521484375,34,5304.0,37.109375,2201.529052734375,39,3801.0,56.828125,4354.782958984375,39,5806.0,63.40625,5513.0771484375,41,6531.0,69.28125,6617.1865234375,42,7118.0
35,46.953125,3248.212646484375,39,4917.0,34.921875,2020.581787109375,29,3332.0,56.046875,4680.853271484375,33,5228.0,51.171875,3734.509521484375,39,4994.0,31.828125,1604.611083984375,40,3478.0,53.765625,4131.236083984375,40,5593.0,62.578125,5370.730224609375,40,6540.0,63.578125,5590.130615234375,43,6593.0
36,43.265625,2985.388427734375,33,4562.0,34.390625,1940.622802734375,33,3615.0,53.625,4135.9912109375,31,4747.0,50.21875,3504.0458984375,33,4480.0,32.515625,1735.433349609375,39,3459.0,54.78125,4506.43359375,38,5946.0,58.125,4635.8662109375,40,6059.0,63.359375,5790.206787109375,43,6667.0
37,37.1875,2530.46484375,32,3858.0,28.140625,1354.554443359375,37,2991.0,57.109375,4682.277099609375,31,5424.0,46.3125,3046.71484375,27,3857.0,33.0,1751.02734375,32,3020.0,45.34375,3260.8818359375,36,4693.0,55.203125,4125.136474609375,42,5786.0,59.015625,4968.976318359375,38,5816.0
38,33.703125,1978.579833984375,33,3409.0,25.59375,1197.5693359375,35,2444.0,52.25,3978.3662109375,30,4699.0,39.9375,2300.1787109375,27,3276.0,32.0625,1539.6875,34,2893.0,39.25,2405.375,32,3402.0,47.578125,3336.593505859375,40,5123.0,55.9375,4345.2333984375,34,5464.0
39,35.296875,2127.302490234375,37,3782.0,23.75,1125.9287109375,31,2385.0,39.890625,2385.948974609375,32,3425.0,38.578125,2130.396240234375,31,3451.0,31.734375,1560.431396484375,41,3405.0,45.9375,3042.3896484375,34,4354.0,45.671875,3341.941162109375,40,4970.0,60.34375,4878.2568359375,38,6146.0
40,27.4375,1476.1318359375,38,2904.0,19.890625,806.220458984375,31,1992.0,32.03125,1762.8583984375,34,3073.0,34.34375,1863.9912109375,33,3187.0,28.65625,1328.49609375,41,3256.0,43.390625,2629.191162109375,37,4462.0,42.84375,2889.875,35,4356.0,52.390625,3881.140380859375,34,5090.0
41,20.1875,731.5537109375,37,2035.0,14.546875,424.308349609375,35,1506.0,33.3125,1997.421875,36,3350.0,31.515625,1789.034912109375,31,3088.0,21.453125,797.337646484375,38,2357.0,36.765625,2061.288818359375,41,4009.0,37.953125,2317.739990234375,38,3996.0,44.390625,2955.900146484375,35,4436.0
42,18.609375,565.863037109375,40,1884.0,12.25,277.7880859375,36,1270.0,33.4375,1998.05859375,32,3185.0,32.65625,2035.52734375,27,3162.0,15.8125,395.5771484375,39,1737.0,35.296875,1988.081787109375,40,3776.0,35.671875,2100.808349609375,39,3843.0,43.625,2719.0302734375,38,4409.0
43,13.859375,334.068115234375,40,1456.0,8.5,162.62109375,35,896.0,20.953125,990.611083984375,29,1914.0,24.375,1289.87109375,23,2267.0,14.09375,321.71484375,41,1578.0,28.875,1389.9208984375,34,2954.0,28.46875,1424.87109375,41,3157.0,34.484375,1889.390380859375,35,3524.0
44,8.296875,107.048583984375,34,885.0,5.078125,42.417724609375,34,534.0,13.9375,402.65625,24,1238.0,17.0625,610.3125,22,1505.0,10.515625,213.113037109375,37,1191.0,17.578125,530.222412109375,31,1790.0,16.125,505.90234375,46,1872.0,21.03125,789.8662109375,37,2246.0
45,9.265625,165.357177734375,25,741.0,5.828125,76.665771484375,29,585.0,21.078125,931.025146484375,23,1926.0,20.75,964.7021484375,25,1944.0,13.890625,485.083740234375,34,1320.0,15.078125,372.925537109375,35,1557.0,13.0625,291.2333984375,35,1294.0,14.25,336.9521484375,31,1376.0
46,8.703125,152.015380859375,25,635.0,8.71875,139.2255859375,29,809.0,38.734375,2581.605224609375,27,3413.0,37.515625,2392.642333984375,24,3306.0,32.21875,1785.52734375,41,3273.0,15.8125,393.30859375,34,1525.0,16.84375,468.80859375,28,1474.0,10.671875,188.550537109375,21,893.0
47,8.265625,103.732177734375,27,659.0,12.171875,243.870849609375,33,1203.0,51.796875,3802.249755859375,36,5051.0,54.171875,4133.439208984375,32,5232.0,47.359375,3111.031005859375,44,4958.0,22.15625,748.765625,27,1880.0,26.875,1216.09375,30,2375.0,11.328125,213.984130859375,21,973.0
48,9.5625,132.1083984375,32,833.0,14.265625,306.722412109375,33,1364.0,53.3125,3906.5302734375,38,5174.0,62.1875,5223.87109375,34,5709.0,43.53125,2890.4677734375,42,4585.0,25.984375,992.954833984375,32,2247.0,28.78125,1418.4365234375,30,2514.0,12.140625,251.144287109375,28,1133.0
49,8.421875,105.124755859375,36,817.0,13.65625,310.7490234375,39,1363.0,50.296875,3646.099365234375,32,4740.0,64.53125,5362.2490234375,33,5554.0,41.125,2601.40234375,41,4430.0,21.5,741.74609375,37,2087.0,21.609375,920.880615234375,30,1963.0,10.109375,180.489990234375,29,930.0
50,8.109375,99.445068359375,32,750.0,11.53125,254.68359375,39,1249.0,40.578125,2792.068115234375,38,4373.0,53.875,4197.2568359375,36,5105.0,42.703125,2787.679443359375,41,4605.0,18.578125,527.898193359375,33,1751.0,23.109375,927.906005859375,29,2122.0,10.65625,179.7880859375,25,874.0
51,7.859375,96.708740234375,33,761.0,11.734375,225.554443359375,37,1214.0,43.5625,3083.12109375,40,4640.0,52.71875,4124.80859375,35,4944.0,37.59375,2266.0771484375,35,3740.0,21.234375,695.320068359375,32,1901.0,21.921875,734.822021484375,32,2060.0,10.9375,183.1083984375,33,1012.0
52,8.71875,130.08984375,30,798.0,14.859375,403.515380859375,40,1643.0,49.671875,3731.947021484375,35,5129.0,61.8125,5348.1875,30,5533.0,41.859375,2696.390380859375,37,4236.0,24.1875,886.65234375,28,1975.0,24.015625,988.917724609375,32,2136.0,10.890625,198.904052734375,30,1011.0
53,11.609375,221.126708984375,26,955.0,16.6875,508.3125,35,1676.0,50.296875,3822.947021484375,33,4810.0,62.0,5211.58984375,26,5003.0,44.5,2918.4443359375,37,4341.0,26.65625,1126.0380859375,24,2114.0,29.921875,1546.140380859375,27,2477.0,12.859375,311.105224609375,28,1100.0
54,10.71875,192.0068359375,31,1023.0,14.203125,354.345458984375,35,1389.0,44.875,3194.4208984375,36,4339.0,54.15625,4083.37109375,29,4737.0,41.0,2384.234375,38,3938.0,28.0,1248.7099609375,34,2772.0,26.875,1344.390625,28,2342.0,12.53125,304.3125,28,1184.0
55,8.390625,105.679443359375,31,773.0,9.703125,158.075927734375,33,982.0,31.0625,1771.2568359375,34,3257.0,45.203125,3103.782958984375,30,4249.0,47.21875,3254.7099609375,39,4654.0,29.78125,1442.859375,41,3244.0,24.765625,1119.232177734375,32,2283.0,11.96875,229.6875,27,1093.0
56,8.578125,103.034912109375,31,713.0,9.296875,140.741943359375,32,907.0,33.234375,1761.230224609375,35,3358.0,49.703125,3530.335693359375,33,4543.0,45.484375,3245.693115234375,31,4199.0,27.859375,1320.767333984375,36,2892.0,21.78125,846.77734375,33,2110.0,11.328125,183.878662109375,26,905.0
57,8.5625,110.52734375,36,807.0,9.875,164.625,32,1024.0,38.34375,2223.05859375,38,3995.0,46.453125,3227.974365234375,36,4513.0,35.875,2112.1552734375,27,3264.0,23.34375,904.52734375,32,2195.0,17.046875,522.773193359375,33,1629.0,10.0625,160.8974609375,27,885.0
58,8.703125,123.327880859375,38,892.0,9.578125,150.241943359375,36,1052.0,36.71875,2062.2568359375,39,3994.0,44.421875,3044.343505859375,38,4593.0,29.71875,1456.5615234375,33,2917.0,29.15625,1400.2958984375,31,2945.0,20.1875,750.4755859375,29,1797.0,11.828125,266.066162109375,26,1182.0
59,8.6875,123.8662109375,36,858.0,10.515625,174.368896484375,36,1086.0,35.65625,1931.453125,38,3769.0,50.640625,3628.788818359375,36,4985.0,31.578125,1570.761474609375,36,3269.0,35.375,1946.74609375,40,3973.0,21.484375,787.712646484375,27,1934.0,12.0625,269.87109375,25,1177.0
60,7.375,83.546875,37,676.0,9.859375,150.890380859375,38,1024.0,32.234375,1658.665771484375,36,3484.0,42.5,2610.27734375,32,4031.0,29.921875,1483.009521484375,37,3025.0,27.546875,1344.761474609375,44,3070.0,21.0625,683.27734375,32,2044.0,9.78125,157.53125,35,990.0
61,6.484375,64.929443359375,34,612.0,8.921875,113.790771484375,41,946.0,30.3125,1412.3427734375,39,3248.0,41.75,2631.3193359375,31,3975.0,23.28125,852.3427734375,41,2402.0,22.015625,791.954833984375,42,2342.0,22.390625,786.890380859375,32,2287.0,9.90625,151.71484375,37,995.0
62,6.46875,70.6865234375,26,638.0,8.90625,135.40625,40,940.0,29.640625,1472.501708984375,41,3166.0,46.125,3316.15234375,32,4602.0,23.078125,883.939208984375,38,2365.0,22.421875,838.736083984375,36,2249.0,20.515625,711.595458984375,32,2115.0,10.3125,166.609375,30,975.0
63,5.671875,54.564208984375,29,575.0,9.484375,151.275146484375,44,1073.0,36.71875,2087.640625,48,4121.0,50.921875,3966.156005859375,40,5421.0,18.484375,651.907958984375,37,1824.0,20.109375,709.101318359375,27,1813.0,19.640625,635.847412109375,28,1894.0,8.671875,117.925537109375,35,798.0
64,5.578125,52.433349609375,32,536.0,9.484375,135.228271484375,39,1029.0,39.359375,2210.859130859375,46,4274.0,56.65625,4536.4755859375,40,5969.0,17.390625,504.861083984375,37,1717.0,22.21875,853.109375,30,1992.0,18.125,573.515625,24,1677.0,8.546875,123.089599609375,35,840.0
65,6.609375,70.171630859375,29,585.0,9.09375,143.171875,28,869.0,34.671875,1970.993896484375,36,3465.0,50.609375,3823.275146484375,36,5122.0,23.453125,888.376708984375,33,2404.0,26.21875,1160.4912109375,29,2278.0,20.953125,771.773193359375,23,1799.0,9.796875,167.236083984375,29,915.0
66,6.6875,72.0146484375,34,622.0,9.140625,147.954833984375,30,919.0,33.53125,1919.9375,41,3513.0,42.546875,2964.159912109375,35,4303.0,25.640625,1021.595458984375,28,2394.0,24.84375,994.09375,30,2233.0,22.8125,917.62109375,30,2076.0,9.921875,167.868896484375,31,962.0
67,7.34375,95.99609375,35,745.0,12.203125,301.683349609375,40,1418.0,41.984375,2973.710693359375,44,4768.0,53.734375,4393.896240234375,28,5148.0,27.484375,1329.825927734375,33,2753.0,22.515625,779.868896484375,37,2229.0,21.578125,827.882568359375,36,2032.0,10.4375,185.6474609375,30,1056.0
68,8.0,107.59375,33,821.0,13.609375,340.064208984375,39,1433.0,48.140625,3439.613037109375,36,4670.0,61.515625,5244.837646484375,28,5300.0,32.03125,1745.40234375,36,3294.0,26.375,1070.4052734375,36,2433.0,22.640625,799.755615234375,33,2104.0,11.28125,210.8505859375,27,1152.0
69,6.734375,76.048583984375,34,691.0,10.59375,177.3193359375,37,1063.0,42.015625,2527.636474609375,40,4037.0,55.421875,4319.601318359375,36,5079.0,32.21875,1626.234375,36,3210.0,28.75,1244.4208984375,34,2596.0,22.171875,793.888427734375,38,2257.0,9.765625,171.982177734375,29,1026.0
70,7.171875,95.661865234375,31,704.0,11.921875,231.718505859375,39,1223.0,43.8125,2953.37109375,42,4290.0,56.609375,4634.763427734375,36,5383.0,24.328125,1062.745849609375,31,2322.0,29.140625,1286.583740234375,35,2866.0,25.640625,1130.738037109375,35,2550.0,9.453125,153.585693359375,29,839.0
71,8.71875,131.8505859375,28,838.0,12.546875,273.736083984375,36,1267.0,43.734375,3147.511474609375,33,4164.0,52.328125,4020.675537109375,30,4525.0,21.171875,787.570068359375,30,1884.0,28.375,1260.7802734375,36,2731.0,29.03125,1469.5927734375,24,2570.0,13.109375,252.573974609375,26,1003.0
72,8.296875,116.861083984375,33,751.0,9.984375,184.986083984375,35,1042.0,36.890625,2360.486083984375,35,3792.0,44.765625,3071.368896484375,35,4082.0,29.4375,1394.7958984375,32,2917.0,29.640625,1368.355224609375,36,2880.0,30.03125,1503.02734375,30,2763.0,13.296875,271.732177734375,31,1103.0
73,6.640625,75.474365234375,28,586.0,8.9375,129.6865234375,36,919.0,36.3125,2333.52734375,34,3613.0,41.71875,2876.58984375,32,4039.0,32.359375,1611.277099609375,37,3343.0,31.15625,1507.6005859375,34,2974.0,27.703125,1315.917724609375,35,2822.0,11.40625,212.765625,32,1021.0
74,5.59375,56.3125,24,533.0,9.34375,152.265625,36,943.0,35.953125,2373.081787109375,32,3486.0,40.65625,2727.96484375,29,3905.0,31.296875,1674.683349609375,41,3240.0,31.28125,1546.6005859375,37,3206.0,23.6875,1080.1708984375,36,2657.0,10.90625,184.828125,32,1033.0
75,6.0625,59.5380859375,30,587.0,9.953125,157.404052734375,39,994.0,35.140625,2086.050537109375,38,3577.0,43.9375,3077.1396484375,36,4614.0,29.15625,1553.5458984375,38,3061.0,30.453125,1453.986083984375,42,3380.0,26.203125,1185.656005859375,36,2788.0,10.734375,180.452880859375,33,1052.0
76,5.484375,47.700927734375,26,489.0,8.546875,105.327880859375,42,890.0,32.640625,1768.156005859375,41,3494.0,38.671875,2357.474365234375,38,3893.0,25.59375,1041.15234375,38,2628.0,26.6875,1065.125,41,2741.0,23.6875,1011.68359375,33,2442.0,8.9375,134.1396484375,32,848.0
77,4.671875,35.142333984375,28,406.0,7.421875,82.156005859375,40,781.0,26.453125,1215.099365234375,41,2871.0,30.6875,1466.27734375,35,3021.0,22.0,801.7255859375,36,2340.0,21.5,693.6318359375,34,2034.0,19.03125,614.40234375,34,1798.0,6.71875,76.859375,28,654.0
78,5.421875,49.575927734375,31,487.0,7.875,88.93359375,37,740.0,26.640625,1223.632568359375,36,2657.0,39.703125,2630.529052734375,37,4059.0,21.234375,764.665771484375,33,2260.0,22.8125,991.75,33,2309.0,21.53125,706.734375,34,1869.0,7.828125,125.847412109375,26,741.0
79,5.9375,58.52734375,30,544.0,9.765625,148.314208984375,39,970.0,36.421875,2168.911865234375,39,3703.0,48.171875,3629.765380859375,33,4634.0,23.828125,978.495849609375,33,2526.0,30.609375,1589.790771484375,34,3029.0,26.859375,1124.257568359375,33,2396.0,8.71875,146.390625,29,775.0
80,5.375,43.55859375,28,483.0,9.640625,143.046630859375,36,960.0,38.171875,2331.995849609375,40,3936.0,41.8125,2810.33984375,33,3908.0,25.1875,1287.0537109375,32,2736.0,31.484375,1662.443115234375,32,3021.0,24.390625,922.253662109375,38,2351.0,7.359375,92.935302734375,32,711.0
81,4.59375,33.2646484375,29,429.0,7.5625,82.125,29,679.0,30.09375,1478.2099609375,29,2840.0,41.46875,2672.83984375,31,3957.0,24.0,1181.2412109375,31,2538.0,26.6875,1298.46875,35,2786.0,22.125,859.96484375,37,2186.0,7.84375,95.96875,39,785.0
82,5.234375,42.269287109375,36,533.0,7.890625,102.630615234375,36,810.0,24.140625,1005.878662109375,25,2250.0,37.625,2292.8349609375,26,3394.0,23.546875,938.878662109375,32,2343.0,26.75,1132.375,37,2628.0,23.90625,1017.87109375,32,2298.0,8.765625,125.202880859375,36,896.0
83,5.765625,48.970458984375,35,599.0,8.703125,131.070068359375,42,923.0,23.328125,1093.136474609375,27,2271.0,35.078125,2004.773193359375,33,3346.0,22.25,872.90234375,36,2295.0,27.15625,1183.1396484375,34,2470.0,18.359375,562.814208984375,28,1768.0,7.46875,89.0146484375,34,721.0
84,6.34375,61.765625,31,624.0,8.59375,121.5224609375,37,902.0,27.078125,1363.695068359375,31,2787.0,39.84375,2616.80859375,38,4076.0,20.734375,775.673583984375,42,2217.0,23.3125,930.484375,26,2092.0,18.328125,568.114990234375,25,1746.0,8.78125,105.58984375,30,759.0
85,7.046875,72.890380859375,32,655.0,9.203125,140.396240234375,37,999.0,30.140625,1642.657958984375,31,3209.0,40.25,2641.03125,37,4088.0,22.28125,753.6318359375,44,2373.0,26.625,1207.0380859375,28,2444.0,21.234375,728.945068359375,27,1928.0,9.71875,139.1162109375,22,814.0
86,6.34375,61.2099609375,35,650.0,9.6875,157.6943359375,37,1037.0,32.34375,1834.0849609375,32,3396.0,43.703125,3049.650146484375,31,4111.0,20.1875,638.28125,36,1991.0,27.859375,1303.165771484375,35,2744.0,17.421875,494.212646484375,27,1482.0,8.453125,119.042724609375,29,811.0
87,5.25,43.58984375,29,506.0,8.546875,129.204833984375,27,832.0,29.46875,1536.2958984375,37,3130.0,39.21875,2631.24609375,31,3696.0,26.625,1107.125,36,2638.0,20.765625,790.200927734375,36,2130.0,16.234375,444.640380859375,24,1340.0,8.328125,115.411865234375,30,772.0
88,5.109375,41.429443359375,29,462.0,6.890625,91.322021484375,25,687.0,24.6875,1120.1865234375,43,2688.0,35.734375,2101.273193359375,39,3579.0,29.671875,1336.825927734375,35,3099.0,17.4375,598.0625,39,1908.0,20.46875,701.890625,27,1725.0,8.28125,111.7177734375,29,724.0
89,5.4375,47.4443359375,29,453.0,7.109375,100.310302734375,33,746.0,27.203125,1479.448974609375,41,2877.0,36.65625,2297.125,37,3817.0,23.390625,888.884521484375,36,2615.0,18.96875,644.24609375,37,1922.0,23.421875,909.829833984375,31,2293.0,8.25,126.4375,27,710.0
90,4.671875,35.093505859375,28,401.0,6.578125,87.439208984375,37,696.0,26.921875,1423.667724609375,34,2760.0,36.4375,2242.2880859375,31,3597.0,23.90625,843.40234375,42,2659.0,18.296875,538.447021484375,29,1613.0,21.015625,748.171630859375,29,2072.0,7.859375,113.339599609375,24,670.0
91,3.90625,23.5615234375,25,361.0,6.015625,61.536865234375,35,623.0,27.8125,1300.375,36,2793.0,39.296875,2486.374755859375,36,3947.0,22.984375,804.411865234375,35,2299.0,17.640625,506.159912109375,30,1570.0,20.703125,751.097412109375,29,1904.0,7.65625,90.3037109375,29,670.0
92,3.25,18.7958984375,18,298.0,5.046875,54.984130859375,25,518.0,23.828125,1235.359130859375,29,2238.0,32.84375,1983.171875,38,3228.0,20.125,621.5146484375,35,1921.0,17.875,731.21484375,27,1745.0,17.484375,585.431396484375,25,1515.0,6.0625,69.65234375,25,541.0
93,2.890625,15.613037109375,20,263.0,2.546875,17.818115234375,15,238.0,9.3125,403.5224609375,16,710.0,17.21875,713.9521484375,31,1514.0,20.265625,746.048583984375,39,2141.0,9.609375,434.167724609375,17,979.0,7.1875,85.40234375,15,443.0,2.859375,20.798583984375,18,274.0
94,2.78125,13.43359375,24,252.0,1.703125,4.134521484375,13,138.0,1.8125,5.34375,11,145.0,7.46875,97.1240234375,32,706.0,16.484375,578.406005859375,36,1757.0,2.0,6.8349609375,17,181.0,2.28125,5.609375,9,110.0,1.40625,3.7724609375,11,126.0
95,2.0,6.25,22,175.0,1.578125,3.013427734375,16,127.0,1.59375,3.1630859375,17,129.0,7.546875,102.839599609375,35,777.0,14.9375,382.171875,35,1590.0,1.5,3.46875,16,137.0,1.140625,1.349365234375,10,72.0,1.0625,1.0380859375,10,74.0
96,1.609375,3.228271484375,18,123.0,1.625,3.28125,14,119.0,2.15625,6.9912109375,20,168.0,7.390625,108.279052734375,30,767.0,14.28125,339.5302734375,37,1490.0,1.5,3.2412109375,11,133.0,0.984375,1.099365234375,7,65.0,0.9375,0.9208984375,8,76.0
97,1.421875,2.599365234375,19,126.0,1.578125,3.013427734375,13,119.0,2.09375,6.74609375,18,162.0,5.984375,66.730224609375,25,562.0,13.671875,298.486083984375,39,1412.0,1.65625,4.046875,12,133.0,1.0625,1.4443359375,5,72.0,0.796875,0.886474609375,7,74.0
98,1.1875,2.1162109375,16,116.0,1.15625,1.828125,7,95.0,1.6875,3.99609375,16,153.0,6.75,94.5302734375,30,679.0,16.046875,430.554443359375,37,1683.0,1.671875,4.298583984375,14,134.0,0.96875,1.30859375,7,77.0,0.84375,0.8193359375,8,69.0
99,1.171875,1.679443359375,10,86.0,1.109375,1.665771484375,8,89.0,1.75,4.4677734375,23,166.0,7.546875,124.507568359375,34,761.0,17.765625,561.005615234375,39,1995.0,1.65625,3.9755859375,16,136.0,1.0,1.1708984375,8,71.0,1.046875,1.142333984375,9,76.0
100,1.265625,1.611083984375,12,87.0,1.3125,2.1552734375,15,110.0,1.71875,4.3193359375,21,153.0,7.171875,100.478271484375,34,711.0,17.3125,537.5625,42,1912.0,1.515625,3.257568359375,14,115.0,1.078125,1.193115234375,9,66.0,1.109375,1.347412109375,7,84.0
101,1.21875,1.7333984375,14,100.0,1.1875,1.703125,11,90.0,1.5625,4.109375,14,127.0,6.15625,85.7646484375,29,580.0,14.140625,375.333740234375,41,1504.0,1.65625,4.265625,12,124.0,0.90625,1.0380859375,8,70.0,0.984375,0.941162109375,1,69.0
102,1.078125,1.409912109375,7,93.0,1.234375,1.884521484375,11,92.0,1.59375,4.37109375,13,130.0,6.15625,113.37109375,25,617.0,11.984375,276.654052734375,40,1233.0,1.75,4.8125,12,142.0,1.0625,1.62109375,10,79.0,0.984375,1.017333984375,6,76.0
103,1.265625,1.794677734375,10,104.0,1.390625,2.202880859375,13,108.0,1.421875,3.109130859375,11,121.0,5.90625,87.5302734375,26,592.0,10.875,209.953125,36,1090.0,1.40625,3.046875,14,129.0,1.078125,1.820068359375,7,77.0,0.96875,1.09375,11,74.0
104,1.34375,1.9287109375,15,109.0,1.359375,1.921630859375,14,105.0,1.515625,3.558349609375,16,142.0,5.203125,46.152099609375,34,514.0,12.046875,253.698974609375,35,1247.0,1.4375,2.8662109375,15,116.0,0.890625,1.364990234375,4,66.0,0.953125,0.943115234375,5,62.0
105,1.140625,1.495849609375,8,84.0,1.296875,1.790771484375,16,102.0,1.609375,4.183349609375,15,150.0,5.421875,59.093505859375,33,560.0,11.453125,224.503662109375,36,1235.0,1.609375,4.009521484375,12,126.0,0.96875,1.4833984375,5,68.0,1.03125,0.8662109375,4,63.0
106,1.1875,1.7880859375,8,84.0,1.09375,1.37109375,12,86.0,1.3125,2.7724609375,7,116.0,6.4375,92.4208984375,31,646.0,12.046875,293.980224609375,37,1332.0,1.546875,3.572021484375,12,128.0,1.046875,1.657958984375,7,81.0,1.015625,0.902099609375,6,65.0
107,1.1875,1.7021484375,14,87.0,1.03125,1.1708984375,11,77.0,1.328125,2.732177734375,9,115.0,5.921875,78.265380859375,31,594.0,13.109375,350.939208984375,36,1398.0,1.453125,2.607177734375,16,117.0,1.0625,1.3271484375,7,77.0,1.078125,1.474365234375,7,76.0
108,1.265625,1.704833984375,17,88.0,1.0625,1.046875,7,72.0,1.4375,3.515625,11,129.0,5.71875,62.9521484375,32,607.0,14.4375,398.37109375,33,1362.0,1.3125,2.62109375,14,111.0,1.0625,1.078125,6,68.0,1.0625,1.43359375,6,71.0
109,1.390625,2.288818359375,15,91.0,1.09375,1.1162109375,6,82.0,1.421875,3.072021484375,11,110.0,5.4375,55.140625,34,544.0,14.828125,396.136474609375,37,1462.0,1.234375,2.486083984375,10,108.0,0.90625,0.8583984375,4,59.0,0.984375,0.861083984375,5,58.0
110,1.15625,1.7880859375,10,76.0,1.21875,1.4599609375,10,92.0,1.53125,2.9365234375,18,121.0,3.71875,24.59375,26,352.0,11.71875,223.1240234375,42,1291.0,1.234375,1.909912109375,9,100.0,1.03125,1.15625,9,74.0,1.03125,1.0458984375,10,74.0
111,1.03125,1.15234375,9,74.0,1.21875,1.421875,9,83.0,1.578125,3.165771484375,19,128.0,4.1875,37.6552734375,24,392.0,11.21875,224.0771484375,35,1246.0,1.078125,1.460693359375,8,90.0,1.15625,1.3583984375,12,78.0,1.09375,1.2880859375,13,90.0
112,1.28125,1.640625,15,94.0,1.296875,1.669677734375,11,94.0,1.75,3.59375,19,129.0,5.546875,54.611083984375,30,514.0,11.265625,244.638427734375,32,1143.0,1.1875,2.21875,8,103.0,0.953125,0.945068359375,7,66.0,1.203125,1.327880859375,9,75.0
113,1.28125,1.8193359375,19,106.0,1.265625,1.732177734375,10,91.0,1.6875,3.984375,17,141.0,6.3125,61.37109375,32,583.0,15.375,519.1630859375,34,1569.0,1.421875,3.116943359375,14,119.0,1.03125,1.0771484375,7,72.0,1.078125,1.253662109375,6,72.0
114,1.125,1.296875,14,91.0,1.140625,1.349365234375,11,75.0,1.3125,2.33984375,8,106.0,6.015625,58.941162109375,32,588.0,19.3125,692.3583984375,33,1968.0,1.421875,3.023193359375,16,115.0,1.046875,1.111083984375,6,68.0,0.859375,1.056396484375,5,70.0
115,1.046875,1.210693359375,11,76.0,1.109375,1.034912109375,9,73.0,1.390625,2.478271484375,13,119.0,5.15625,48.0771484375,30,527.0,15.953125,436.886474609375,36,1560.0,1.53125,3.1474609375,15,124.0,1.09375,1.4521484375,8,73.0,0.96875,1.0146484375,8,74.0
116,1.078125,1.396240234375,11,79.0,1.25,1.4052734375,6,83.0,2.015625,5.486083984375,29,197.0,5.25,45.1630859375,27,490.0,13.375,318.6552734375,32,1315.0,1.78125,4.55859375,24,170.0,1.359375,2.009521484375,15,99.0,1.15625,1.05859375,9,80.0
117,1.34375,2.0458984375,17,106.0,1.390625,2.259521484375,10,105.0,2.640625,8.183349609375,35,244.0,6.25,62.40625,26,541.0,16.046875,482.415771484375,30,1544.0,2.0,7.3349609375,25,202.0,1.40625,2.171875,19,111.0,1.078125,1.427490234375,9,78.0
118,1.375,1.9287109375,14,100.0,1.296875,1.933349609375,13,104.0,2.875,11.9599609375,27,259.0,6.890625,82.517333984375,21,636.0,17.1875,523.5771484375,31,1697.0,2.234375,7.954833984375,25,212.0,1.34375,2.2021484375,17,106.0,1.03125,1.3818359375,9,68.0
119,1.21875,1.4599609375,8,79.0,1.34375,2.265625,15,113.0,3.3125,18.0458984375,21,294.0,8.90625,133.58984375,30,865.0,14.96875,436.2880859375,23,1400.0,2.1875,6.1630859375,24,183.0,1.21875,1.6162109375,8,88.0,1.046875,0.974365234375,9,64.0
120,1.265625,1.870849609375,8,89.0,1.40625,2.4599609375,14,118.0,3.21875,18.2255859375,17,293.0,9.578125,150.521240234375,35,925.0,15.515625,503.427490234375,26,1422.0,2.078125,5.503662109375,21,161.0,1.328125,1.921630859375,10,93.0,0.96875,0.8896484375,8,69.0
121,1.28125,1.8505859375,11,96.0,1.46875,2.765625,12,108.0,3.84375,25.1162109375,23,363.0,9.09375,139.921875,31,859.0,16.9375,483.6083984375,30,1415.0,2.46875,8.65234375,26,229.0,1.375,2.140625,17,94.0,1.109375,1.316162109375,9,74.0
122,1.15625,1.37109375,12,83.0,1.4375,2.7099609375,9,108.0,3.625,20.609375,27,322.0,8.375,120.0693359375,34,818.0,17.03125,443.3349609375,32,1694.0,2.546875,9.536865234375,32,267.0,1.171875,1.710693359375,16,100.0,1.171875,1.232177734375,8,65.0
123,1.046875,1.226318359375,11,71.0,1.109375,1.409912109375,6,85.0,2.0625,5.33984375,19,178.0,6.40625,70.37109375,35,641.0,13.34375,312.21484375,36,1400.0,2.15625,6.5927734375,26,204.0,1.140625,1.790771484375,10,100.0,0.96875,0.8583984375,7,61.0
124,1.203125,1.632568359375,15,89.0,0.96875,1.2255859375,5,77.0,1.875,4.8125,15,153.0,6.453125,65.290771484375,33,646.0,13.625,415.0146484375,36,1436.0,2.0625,7.9375,25,200.0,1.3125,2.43359375,14,112.0,0.9375,0.96875,6,70.0
125,1.53125,2.765625,14,116.0,1.09375,1.390625,7,86.0,1.8125,4.53125,21,166.0,5.75,55.15234375,31,599.0,13.75,409.15234375,36,1424.0,1.78125,6.265625,25,181.0,1.21875,2.1875,12,105.0,1.0625,1.15625,13,80.0
126,1.375,2.65625,11,106.0,1.265625,1.808349609375,13,102.0,1.703125,3.447021484375,17,140.0,5.703125,58.021240234375,30,567.0,10.875,191.0458984375,40,1122.0,1.625,3.65234375,22,145.0,0.96875,1.24609375,4,77.0,1.09375,1.08984375,12,74.0
127,1.265625,2.363037109375,12,107.0,1.390625,2.128662109375,16,107.0,1.6875,3.2802734375,18,124.0,5.921875,61.599365234375,30,546.0,11.21875,217.828125,46,1273.0,1.71875,4.08984375,18,150.0,1.0,1.09375,7,70.0,1.078125,1.179443359375,9,67.0
128,1.671875,3.579833984375,20,153.0,1.390625,2.128662109375,13,104.0,1.6875,4.12109375,20,148.0,4.765625,43.935302734375,33,478.0,12.21875,264.15625,46,1439.0,1.640625,3.540771484375,13,146.0,1.140625,1.191162109375,7,70.0,1.1875,1.46484375,10,80.0
129,1.71875,3.5625,17,143.0,1.546875,2.890380859375,10,120.0,1.640625,3.859130859375,16,140.0,4.515625,36.191162109375,37,463.0,12.3125,244.234375,37,1330.0,1.578125,3.402099609375,16,143.0,1.1875,1.5068359375,12,87.0,1.078125,1.120849609375,8,76.0
130,1.375,2.6396484375,17,117.0,1.5,2.7490234375,8,109.0,1.640625,3.200927734375,15,120.0,4.46875,41.05859375,33,411.0,10.5625,177.265625,33,1045.0,1.5,2.6396484375,19,120.0,0.96875,1.1708984375,9,78.0,0.890625,0.845458984375,8,64.0
131,1.390625,2.361083984375,16,99.0,1.546875,3.134521484375,11,113.0,1.796875,3.620849609375,17,124.0,4.296875,47.441162109375,29,438.0,10.84375,221.4287109375,34,1177.0,1.484375,1.888427734375,16,95.0,1.046875,1.236083984375,9,76.0,1.09375,1.1943359375,8,70.0
132,1.453125,2.472412109375,12,95.0,1.5,2.828125,18,114.0,1.71875,4.046875,16,139.0,4.46875,41.8896484375,30,432.0,12.9375,290.6005859375,35,1399.0,1.328125,2.040771484375,10,90.0,1.1875,1.421875,11,82.0,1.171875,1.316162109375,9,76.0
133,1.265625,2.132568359375,14,100.0,1.28125,1.5849609375,15,94.0,1.546875,3.833740234375,23,159.0,5.46875,58.5,37,545.0,12.046875,233.552490234375,40,1305.0,1.125,1.8818359375,5,84.0,1.0,1.05859375,8,73.0,1.015625,1.023193359375,8,67.0
134,1.171875,1.620849609375,10,94.0,1.3125,1.921875,14,99.0,1.609375,3.503662109375,23,143.0,5.609375,61.995849609375,35,584.0,12.03125,221.0927734375,42,1268.0,1.1875,1.83984375,4,84.0,0.984375,0.945068359375,5,67.0,1.046875,0.909912109375,7,66.0
135,1.140625,1.447021484375,6,86.0,1.328125,2.048583984375,19,109.0,1.796875,3.888427734375,16,140.0,5.125,49.2333984375,29,487.0,12.21875,236.265625,40,1302.0,1.296875,2.540771484375,9,115.0,1.0625,0.9990234375,2,64.0,1.078125,0.859130859375,4,63.0
136,0.96875,1.1318359375,4,70.0,1.3125,1.7724609375,16,98.0,1.859375,4.482177734375,15,148.0,5.5,55.1875,28,509.0,9.984375,181.804443359375,37,1117.0,1.3125,2.3974609375,13,119.0,1.0625,1.3505859375,5,75.0,1.015625,0.964599609375,4,63.0
137,1.015625,0.853271484375,3,57.0,1.15625,1.5380859375,7,82.0,1.765625,3.952880859375,19,145.0,5.671875,58.554443359375,25,561.0,9.59375,171.12109375,34,1036.0,1.375,2.21484375,14,106.0,1.03125,1.21875,8,78.0,1.03125,1.24609375,4,75.0
138,1.0,0.8349609375,4,57.0,1.125,1.5693359375,6,79.0,1.609375,3.327880859375,14,130.0,7.125,99.8349609375,31,766.0,12.421875,256.195068359375,32,1229.0,1.40625,2.796875,12,116.0,1.0625,1.02734375,8,72.0,1.0,1.046875,3,71.0
139,0.890625,0.726318359375,9,67.0,1.171875,1.452880859375,6,77.0,1.6875,4.4599609375,6,138.0,7.9375,113.4912109375,41,888.0,13.921875,296.577880859375,31,1360.0,1.390625,2.950927734375,9,117.0,1.109375,1.245849609375,9,85.0,0.96875,0.9443359375,5,74.0
140,1.0,0.9521484375,10,72.0,1.1875,1.6943359375,10,90.0,1.9375,5.28125,11,150.0,6.515625,73.474365234375,42,741.0,11.5,225.27734375,32,1198.0,1.375,3.3125,9,121.0,1.078125,1.329833984375,14,92.0,0.90625,0.875,5,67.0
141,1.125,1.3505859375,9,80.0,1.3125,2.02734375,15,102.0,2.015625,5.171630859375,18,157.0,5.1875,50.18359375,35,555.0,10.78125,227.77734375,26,1047.0,1.484375,3.491943359375,15,125.0,1.078125,1.236083984375,11,76.0,1.046875,1.157958984375,9,66.0
142,1.140625,1.222412109375,10,79.0,1.46875,2.1240234375,15,101.0,1.890625,4.296630859375,17,144.0,4.703125,39.296630859375,31,472.0,11.78125,243.18359375,24,1080.0,1.46875,2.90625,14,120.0,1.078125,1.034912109375,6,66.0,1.328125,1.630615234375,16,84.0
143,0.953125,0.866943359375,10,70.0,1.40625,2.0302734375,11,96.0,2.28125,7.9912109375,14,162.0,5.8125,52.9990234375,28,521.0,13.359375,304.111083984375,28,1235.0,1.546875,3.353271484375,15,132.0,1.078125,1.236083984375,9,75.0,1.125,1.171875,9,79.0
144,1.09375,1.3125,14,80.0,1.234375,1.915771484375,8,97.0,2.203125,8.859130859375,13,176.0,5.578125,51.335693359375,25,483.0,12.203125,296.818115234375,35,1329.0,1.390625,2.929443359375,17,121.0,1.046875,1.320068359375,10,73.0,1.078125,1.538818359375,7,81.0
145,12.109375,539.351318359375,19,1097.0,2.546875,12.445068359375,23,244.0,4.25,43.55859375,19,402.0,17.828125,886.697021484375,30,1713.0,25.359375,1576.267333984375,40,2794.0,10.109375,309.861083984375,24,1081.0,12.140625,580.570068359375,20,1405.0,14.515625,744.763427734375,25,1635.0
146,22.875,934.8193359375,31,2282.0,6.515625,82.032958984375,37,655.0,10.328125,213.874755859375,31,1036.0,39.953125,2439.657958984375,34,3699.0,48.9375,3602.453125,39,5018.0,24.765625,1118.572021484375,32,2519.0,26.328125,1316.548583984375,36,3038.0,29.328125,1560.777099609375,40,3377.0
147,25.375,1105.359375,38,2659.0,9.015625,129.681396484375,35,948.0,13.265625,284.728271484375,38,1400.0,51.53125,3795.24609375,37,4683.0,55.0,3926.83984375,30,4886.0,30.421875,1508.675537109375,34,3052.0,34.0625,1838.640625,37,3550.0,28.765625,1398.831787109375,41,3156.0
148,23.890625,1024.447021484375,39,2447.0,8.3125,109.21484375,30,805.0,13.09375,256.5,37,1340.0,59.46875,5084.12109375,40,6087.0,53.765625,3926.124755859375,34,5106.0,31.59375,1530.4599609375,37,3330.0,34.546875,1831.794677734375,35,3437.0,31.0625,1573.7880859375,40,3193.0
149,17.921875,615.079833984375,37,1897.0,8.03125,101.1005859375,36,791.0,14.5,337.49609375,39,1451.0,55.875,4380.21484375,43,6054.0,55.75,4399.1396484375,41,6006.0,31.078125,1540.003662109375,38,3324.0,32.625,1590.7724609375,35,3312.0,39.65625,2579.8427734375,43,4261.0
150,16.046875,519.929443359375,30,1516.0,8.25,103.12109375,37,859.0,16.765625,473.669677734375,38,1781.0,52.5,3958.71484375,44,5652.0,53.40625,4083.2021484375,39,5696.0,27.734375,1213.128662109375,39,2946.0,32.046875,1557.831787109375,35,3229.0,43.296875,3050.161865234375,39,4724.0
151,19.140625,545.552490234375,34,1761.0,10.015625,149.712646484375,34,986.0,17.984375,536.843505859375,34,1837.0,50.4375,3842.0068359375,36,5030.0,51.25,3766.7880859375,39,5224.0,25.265625,939.378662109375,41,2682.0,30.515625,1677.013427734375,30,3027.0,40.109375,2567.790771484375,37,4180.0
152,19.609375,558.679443359375,41,2084.0,9.75,138.5380859375,36,952.0,16.953125,461.989990234375,35,1851.0,48.703125,3674.679443359375,36,4997.0,53.109375,4090.284912109375,36,4852.0,22.84375,768.05859375,42,2363.0,32.46875,1810.6708984375,30,3288.0,35.953125,1928.630615234375,39,3798.0
153,17.984375,535.948974609375,38,1906.0,8.140625,102.669677734375,32,773.0,15.3125,412.796875,31,1622.0,52.265625,4107.171630859375,41,5824.0,60.984375,5232.847412109375,40,6414.0,25.46875,1101.265625,38,2642.0,31.984375,1681.097412109375,35,3287.0,30.3125,1463.8349609375,35,3098.0
154,17.0625,474.71484375,38,1780.0,7.453125,95.222412109375,30,706.0,13.6875,324.4755859375,33,1371.0,47.234375,3250.349365234375,43,5300.0,59.4375,4934.0693359375,45,6553.0,27.671875,1304.593505859375,32,2764.0,28.703125,1545.093505859375,38,3086.0,31.015625,1619.659912109375,40,3514.0
155,13.078125,257.085693359375,34,1202.0,5.734375,50.935302734375,29,516.0,12.0625,218.2490234375,38,1237.0,44.34375,2965.80859375,47,4971.0,48.640625,3470.835693359375,42,5175.0,24.984375,1014.646240234375,36,2601.0,24.59375,1099.5625,36,2585.0,32.21875,1694.8125,44,3808.0
156,18.109375,711.636474609375,35,1882.0,6.453125,63.484130859375,36,628.0,9.765625,166.513427734375,34,1058.0,39.15625,2488.62109375,46,4272.0,46.859375,3471.515380859375,33,4607.0,23.953125,881.238037109375,43,2383.0,25.34375,1040.6875,39,2637.0,24.328125,1054.794677734375,39,2710.0
157,24.953125,1095.359130859375,38,2640.0,8.234375,102.464599609375,37,811.0,9.65625,157.3349609375,34,1011.0,34.734375,1834.702880859375,39,3387.0,50.21875,3930.8974609375,33,5216.0,21.140625,716.800537109375,42,2025.0,23.515625,976.413818359375,41,2546.0,27.328125,1288.364990234375,39,2946.0
158,21.8125,750.2880859375,35,2191.0,7.046875,82.263427734375,34,742.0,11.53125,199.859375,41,1220.0,41.71875,2722.390625,41,4507.0,49.984375,3601.577880859375,36,5368.0,22.046875,755.204833984375,40,2223.0,21.59375,802.71484375,38,2271.0,33.03125,1684.15234375,43,3645.0
159,22.890625,868.929443359375,34,2245.0,6.359375,70.685302734375,29,619.0,11.28125,208.28125,35,1155.0,44.828125,3161.253662109375,41,4990.0,55.65625,4342.99609375,36,5773.0,31.671875,1529.230224609375,40,3145.0,27.109375,1169.693115234375,41,2852.0,31.390625,1525.407958984375,40,3387.0
160,25.703125,1233.572021484375,35,2717.0,8.484375,109.966552734375,35,827.0,11.46875,221.625,36,1202.0,43.703125,3096.259521484375,37,4764.0,61.953125,5163.829833984375,38,6310.0,34.40625,1804.40234375,45,3770.0,28.71875,1335.05859375,44,3172.0,27.75,1265.828125,36,2958.0
161,21.328125,902.818115234375,35,2295.0,8.078125,99.579833984375,41,836.0,12.265625,229.447021484375,41,1275.0,50.71875,3909.3974609375,33,4869.0,61.140625,5001.476318359375,39,6075.0,35.375,1955.2568359375,49,4121.0,25.875,1115.5693359375,39,2919.0,25.8125,1044.9052734375,39,2659.0
162,19.328125,636.450927734375,37,1950.0,5.40625,47.3662109375,39,596.0,11.78125,202.96484375,41,1239.0,48.34375,3474.859375,37,4564.0,53.1875,3913.9599609375,34,5036.0,36.5,1932.5927734375,46,3890.0,25.515625,1116.058349609375,34,2665.0,27.78125,1220.9130859375,45,3095.0
163,17.71875,528.8505859375,39,1784.0,5.140625,42.296630859375,37,542.0,10.625,175.0302734375,39,1172.0,37.5,2272.125,39,3998.0,43.65625,2841.05859375,35,3945.0,28.515625,1185.032958984375,37,2860.0,22.96875,969.80859375,40,2436.0,24.953125,1084.247802734375,39,2665.0
164,18.453125,620.675537109375,35,1972.0,5.484375,49.200927734375,34,556.0,9.125,131.6552734375,35,961.0,34.78125,1906.1552734375,38,3747.0,44.25,2983.0771484375,41,4524.0,24.390625,934.154052734375,36,2567.0,19.640625,668.609130859375,40,2213.0,22.359375,1014.466552734375,35,2376.0
165,21.5,914.0302734375,32,2355.0,5.75,51.4677734375,36,567.0,9.375,141.0380859375,35,975.0,40.234375,2472.542724609375,41,4416.0,48.953125,3502.626708984375,36,4968.0,25.4375,961.80859375,43,2684.0,19.734375,724.249755859375,36,2138.0,28.265625,1426.286865234375,40,2987.0
166,19.484375,723.279052734375,36,2048.0,6.484375,64.527099609375,35,622.0,9.6875,162.96875,36,1036.0,39.65625,2476.1875,39,4402.0,54.609375,4200.048583984375,37,5535.0,24.171875,902.654052734375,42,2586.0,20.8125,937.2490234375,39,2349.0,28.5,1392.1162109375,42,3046.0
167,16.234375,451.064208984375,42,1668.0,5.59375,49.859375,35,544.0,8.03125,109.9912109375,34,804.0,34.296875,1827.763427734375,37,3585.0,52.046875,3915.310302734375,43,5690.0,20.4375,705.1162109375,35,2071.0,20.484375,916.423583984375,38,2231.0,22.484375,926.880615234375,42,2374.0
168,17.328125,581.398193359375,37,1780.0,5.40625,43.87109375,39,556.0,8.640625,103.999755859375,31,802.0,39.84375,2484.5380859375,33,3940.0,47.171875,3428.435302734375,40,5373.0,21.078125,724.816162109375,38,2252.0,22.546875,905.415771484375,40,2462.0,28.609375,1451.257568359375,41,3044.0
169,18.234375,618.450927734375,34,1874.0,6.671875,64.689208984375,39,728.0,11.5,223.90625,34,1140.0,48.5625,3676.5615234375,37,5170.0,41.265625,2798.661865234375,40,4445.0,21.921875,892.298583984375,38,2281.0,26.96875,1069.1943359375,45,3060.0,33.03125,1787.515625,44,3582.0
170,18.09375,538.7958984375,40,1835.0,5.875,53.1005859375,39,611.0,10.625,214.1875,30,1008.0,47.71875,3478.08984375,40,5107.0,45.140625,3323.478271484375,46,4850.0,19.609375,774.611083984375,38,2149.0,25.203125,1053.989990234375,47,2859.0,27.34375,1094.734375,43,2845.0
171,17.953125,533.212646484375,42,1924.0,4.390625,31.722412109375,34,434.0,8.640625,125.491943359375,30,842.0,39.859375,2431.402099609375,38,4208.0,50.4375,3713.02734375,38,5052.0,17.34375,486.484375,40,1796.0,22.453125,972.587646484375,42,2548.0,23.328125,754.126708984375,40,2425.0
172,13.296875,282.458740234375,41,1465.0,4.46875,32.515625,29,440.0,8.765625,132.368896484375,31,883.0,33.453125,1708.138427734375,36,3287.0,43.734375,2657.613037109375,32,4226.0,17.015625,469.325927734375,37,1734.0,20.3125,807.03125,40,2383.0,19.4375,600.80859375,41,2174.0
173,12.875,261.05859375,34,1261.0,4.328125,29.540771484375,29,411.0,8.53125,120.68359375,27,822.0,39.140625,2400.911865234375,39,4091.0,47.296875,3214.683349609375,36,4746.0,20.234375,660.337646484375,35,2051.0,21.71875,839.984375,40,2393.0,16.96875,472.3583984375,40,1859.0
174,14.296875,309.835693359375,39,1484.0,4.34375,27.7021484375,34,427.0,8.0625,103.609375,33,843.0,39.875,2537.1083984375,48,4540.0,50.40625,3684.78125,39,5146.0,19.8125,623.8427734375,40,2034.0,25.84375,985.5224609375,44,2794.0,17.953125,494.070068359375,38,1861.0
175,13.90625,317.5771484375,40,1489.0,4.40625,30.7724609375,34,451.0,8.21875,106.08984375,35,842.0,29.75,1382.2802734375,48,3275.0,45.28125,2983.890625,36,4541.0,17.578125,548.238037109375,36,1818.0,23.515625,870.814208984375,42,2574.0,19.859375,624.318115234375,41,2164.0
176,13.578125,311.814208984375,35,1418.0,4.921875,40.316162109375,31,503.0,9.0,123.52734375,33,886.0,33.890625,1844.786865234375,42,3565.0,42.671875,2701.947021484375,34,4307.0,15.78125,450.015625,33,1509.0,20.3125,757.296875,34,2155.0,19.90625,631.71875,39,2142.0
177,12.171875,227.195068359375,36,1262.0,4.390625,32.290771484375,26,413.0,7.609375,95.890380859375,31,738.0,34.515625,1945.622802734375,37,3583.0,42.59375,2650.12109375,36,4397.0,15.5625,404.2021484375,37,1605.0,19.734375,661.536865234375,36,2041.0,18.421875,537.167724609375,34,1844.0
178,12.875,260.2958984375,37,1294.0,3.40625,18.2099609375,23,299.0,6.96875,77.6162109375,28,618.0,34.578125,1964.956787109375,36,3456.0,43.046875,2611.931396484375,36,4306.0,17.828125,544.503662109375,38,1755.0,18.453125,558.202880859375,39,1929.0,20.671875,688.456787109375,36,2037.0
179,10.953125,201.279052734375,37,1050.0,3.90625,23.3193359375,27,386.0,7.15625,81.1162109375,30,677.0,35.21875,2080.515625,36,3504.0,40.640625,2457.448974609375,36,3953.0,18.46875,598.28125,34,1868.0,16.765625,567.636474609375,32,1854.0,17.859375,569.452880859375,35,1679.0
180,9.984375,152.741943359375,34,1016.0,3.75,22.9521484375,25,379.0,6.078125,65.974365234375,30,622.0,27.40625,1460.53125,33,2713.0,35.25,1971.65625,35,3492.0,19.296875,680.279052734375,38,2065.0,17.125,510.9287109375,33,1702.0,13.671875,320.638427734375,39,1336.0
181,9.9375,155.68359375,34,1029.0,3.171875,18.314208984375,18,293.0,5.921875,68.011474609375,30,598.0,28.203125,1443.675537109375,35,2838.0,29.34375,1350.53125,32,2802.0,18.5,577.5771484375,44,2033.0,19.328125,610.335693359375,40,1964.0,16.125,386.18359375,41,1741.0
182,7.46875,85.8505859375,39,743.0,3.265625,20.392333984375,22,305.0,7.1875,87.296875,31,662.0,32.765625,1749.386474609375,34,3391.0,35.359375,2015.497802734375,37,3816.0,18.46875,499.1396484375,40,1878.0,17.609375,569.169677734375,41,1896.0,17.4375,455.21875,44,2004.0
183,6.09375,55.921875,37,616.0,3.78125,24.52734375,25,347.0,7.265625,77.409912109375,31,642.0,34.328125,1945.786865234375,33,3616.0,40.703125,2573.872802734375,41,4424.0,17.078125,496.281005859375,35,1830.0,13.6875,350.9443359375,36,1548.0,15.03125,388.3505859375,42,1707.0
184,6.828125,83.876708984375,32,712.0,3.71875,21.3818359375,26,333.0,6.21875,59.1005859375,30,587.0,29.734375,1472.757568359375,34,3061.0,34.375,1946.71484375,40,3732.0,17.234375,617.489990234375,33,1903.0,14.078125,385.230224609375,37,1596.0,14.484375,360.759521484375,39,1578.0
185,8.703125,120.157958984375,35,861.0,3.703125,19.909912109375,25,328.0,5.890625,51.964599609375,27,546.0,27.5625,1247.87109375,35,2789.0,35.125,1990.5380859375,38,3614.0,17.78125,608.5849609375,36,1858.0,15.265625,429.589599609375,37,1600.0,15.625,413.77734375,38,1643.0
186,8.296875,106.294677734375,36,766.0,3.65625,19.83984375,26,322.0,5.453125,43.833740234375,27,481.0,26.109375,1148.888427734375,37,2795.0,35.203125,1969.197021484375,39,3823.0,16.171875,501.085693359375,36,1696.0,15.71875,437.6552734375,33,1611.0,14.3125,380.0615234375,35,1487.0
187,7.90625,120.93359375,30,739.0,3.4375,16.7490234375,32,336.0,5.78125,52.59375,31,603.0,26.84375,1142.3583984375,39,3038.0,36.390625,1941.529052734375,38,3858.0,16.734375,537.589599609375,41,1805.0,16.90625,490.7958984375,37,1838.0,14.859375,375.226318359375,35,1586.0
188,9.09375,173.71875,34,1000.0,3.71875,19.99609375,32,385.0,6.15625,56.3193359375,37,675.0,34.578125,1863.255615234375,43,3951.0,38.421875,2140.380615234375,35,3832.0,15.3125,397.609375,38,1513.0,16.546875,509.577880859375,35,1756.0,18.703125,569.468505859375,35,2012.0
189,12.796875,288.171630859375,38,1433.0,3.953125,23.013427734375,28,359.0,7.671875,97.671630859375,36,813.0,37.375,2266.2099609375,41,4245.0,44.3125,3130.2646484375,36,4605.0,17.15625,528.8037109375,30,1615.0,16.359375,468.402099609375,32,1617.0,20.03125,762.8896484375,35,2262.0
190,14.734375,355.810302734375,45,1668.0,4.53125,30.3505859375,31,407.0,8.15625,119.80859375,33,817.0,41.625,2705.2880859375,38,4213.0,47.5625,3305.2880859375,39,4861.0,21.59375,854.43359375,32,2261.0,15.875,427.9755859375,37,1695.0,18.09375,626.5458984375,40,2041.0
191,18.703125,580.431396484375,41,2001.0,7.578125,106.320068359375,34,689.0,9.703125,188.493896484375,27,895.0,47.125,3177.75,38,4339.0,41.71875,2632.8125,42,4285.0,24.5625,1128.8974609375,39,2618.0,18.921875,626.782958984375,40,2168.0,19.84375,705.984375,41,2212.0
192,25.734375,1045.757568359375,38,2628.0,8.171875,117.253662109375,35,801.0,11.25,205.3974609375,31,1066.0,48.21875,3278.421875,38,4744.0,43.25,2880.6943359375,37,4171.0,26.890625,1369.308349609375,42,2865.0,26.328125,1234.691162109375,38,2891.0,25.515625,1269.025146484375,40,2803.0
193,27.796875,1170.775146484375,44,3026.0,7.09375,85.2177734375,34,740.0,10.234375,147.212646484375,36,962.0,43.46875,2764.71484375,40,4701.0,44.515625,2958.036865234375,33,4166.0,29.921875,1625.042724609375,37,3044.0,29.140625,1517.265380859375,35,2973.0,30.53125,1622.6083984375,41,3410.0
194,26.078125,1059.312255859375,44,2823.0,6.796875,81.943115234375,35,697.0,9.5,150.6708984375,34,892.0,43.03125,2899.65234375,36,4608.0,50.046875,3631.632568359375,36,4968.0,33.765625,1870.068115234375,30,3090.0,29.203125,1506.284912109375,34,2855.0,32.828125,1791.956787109375,38,3495.0
195,22.859375,886.829833984375,42,2434.0,6.0,56.99609375,36,607.0,9.0625,136.390625,38,906.0,38.28125,2531.2646484375,32,3849.0,53.640625,3953.079833984375,43,5782.0,35.578125,1877.134521484375,33,3286.0,33.34375,1761.18359375,36,3489.0,38.78125,2512.5537109375,42,4160.0
196,20.890625,765.298583984375,39,2299.0,6.28125,60.0537109375,31,582.0,9.3125,137.4208984375,38,963.0,34.0625,1799.65625,40,3636.0,50.0625,3816.453125,42,5555.0,35.328125,1827.109130859375,42,3405.0,33.734375,1763.829833984375,38,3384.0,46.84375,3194.96875,47,5290.0
197,22.109375,836.960693359375,39,2368.0,8.390625,137.827880859375,33,779.0,12.234375,247.402099609375,38,1277.0,43.90625,2647.8271484375,40,4324.0,49.53125,3745.05859375,31,5073.0,30.515625,1489.072021484375,38,2952.0,28.140625,1351.646240234375,33,2606.0,41.40625,2550.9375,40,4414.0
198,19.96875,722.1396484375,36,2142.0,9.5,166.7880859375,29,840.0,14.9375,365.7724609375,41,1536.0,50.21875,3606.99609375,34,4713.0,52.375,3816.21875,36,5232.0,22.5,838.7802734375,37,2104.0,22.671875,859.366943359375,32,2035.0,41.65625,2553.43359375,36,4188.0
199,15.796875,463.765380859375,28,1537.0,8.359375,115.036865234375,23,707.0,17.625,548.2490234375,37,1704.0,51.8125,3882.53125,39,5193.0,53.640625,4056.452880859375,41,5669.0,20.546875,646.253662109375,36,2034.0,22.828125,947.103271484375,39,2353.0,45.484375,3004.878662109375,39,4481.0
200,17.390625,527.519287109375,31,1696.0,7.90625,103.24609375,29,726.0,19.890625,647.062255859375,31,1806.0,47.546875,3099.480224609375,42,4838.0,57.0625,4668.0068359375,34,5964.0,21.46875,854.7255859375,35,2169.0,24.765625,1115.673583984375,42,2684.0,35.6875,2188.8125,37,3619.0
201,20.703125,768.175537109375,39,2261.0,7.78125,103.1240234375,33,811.0,16.0,425.21484375,33,1574.0,41.828125,2414.452880859375,42,4318.0,60.03125,5263.265625,35,6070.0,22.1875,959.90234375,37,2310.0,25.0625,1051.6708984375,37,2590.0,32.1875,1743.6318359375,36,3312.0
202,20.390625,764.079833984375,36,2140.0,8.78125,138.8740234375,35,959.0,13.890625,303.614990234375,39,1538.0,48.5625,3495.0693359375,43,5250.0,57.4375,4833.234375,36,5797.0,21.0625,749.37109375,32,2142.0,28.703125,1387.597412109375,33,2842.0,36.765625,2224.872802734375,38,3813.0
203,18.703125,676.316162109375,37,1952.0,8.890625,139.116943359375,34,867.0,13.5625,285.5625,36,1383.0,47.0625,3321.328125,41,5047.0,56.78125,4581.0380859375,40,6065.0,21.1875,668.0537109375,35,2091.0,33.75,1806.1240234375,33,3510.0,36.9375,2276.80859375,38,3918.0
204,19.40625,676.5537109375,41,2179.0,6.953125,85.105224609375,30,643.0,11.40625,202.0224609375,31,1083.0,34.46875,1761.1552734375,36,3485.0,54.0,4149.9287109375,41,5711.0,22.8125,819.6552734375,38,2240.0,26.296875,1206.271240234375,35,2584.0,34.734375,1985.700927734375,33,3602.0
205,15.3125,433.96484375,40,1657.0,5.390625,49.259521484375,31,535.0,12.109375,265.269287109375,31,1144.0,31.34375,1533.2724609375,35,3015.0,45.578125,2921.497802734375,39,4675.0,16.484375,573.349365234375,38,1783.0,16.09375,584.52734375,38,1705.0,26.8125,1450.4375,34,2871.0
206,13.8125,376.7802734375,37,1449.0,4.546875,33.702880859375,26,434.0,12.328125,274.478271484375,31,1219.0,31.5625,1772.99609375,36,3395.0,36.875,1954.5,38,3736.0,8.234375,176.866943359375,32,849.0,10.109375,380.355224609375,33,1011.0,18.40625,772.9755859375,34,1951.0
207,22.96875,880.484375,41,2458.0,5.0,49.8349609375,26,445.0,13.5,390.9912109375,31,1263.0,31.453125,1861.989990234375,31,2916.0,32.65625,1650.4375,39,3385.0,5.609375,61.390380859375,29,577.0,4.640625,31.784912109375,33,419.0,21.53125,838.49609375,33,2230.0
208,26.71875,1076.08984375,36,2718.0,6.96875,86.8896484375,31,665.0,20.84375,984.02734375,31,2095.0,40.484375,2733.831787109375,30,3677.0,30.671875,1480.573974609375,35,3265.0,5.796875,61.183349609375,27,591.0,4.703125,34.171630859375,33,458.0,22.734375,849.238037109375,35,2410.0
209,23.296875,865.261474609375,35,2330.0,6.171875,65.845458984375,28,570.0,21.640625,909.999755859375,32,2119.0,39.609375,2479.509521484375,33,3787.0,34.671875,1898.415771484375,33,3331.0,7.84375,103.90234375,30,820.0,4.875,35.4990234375,36,496.0,21.390625,748.327880859375,38,2339.0
210,20.671875,750.572021484375,39,2194.0,5.265625,38.814208984375,31,470.0,16.375,423.02734375,36,1614.0,29.15625,1273.0,37,3066.0,38.96875,2282.625,41,4097.0,9.984375,160.827880859375,34,1067.0,5.328125,39.406005859375,43,535.0,26.109375,1025.640380859375,38,2719.0
211,24.15625,941.5927734375,38,2515.0,5.53125,43.5068359375,37,538.0,15.640625,376.126708984375,34,1524.0,28.0,1158.5,33,2854.0,35.40625,2003.05859375,39,3762.0,8.25,118.4287109375,30,842.0,5.359375,43.698974609375,37,532.0,32.078125,1682.462646484375,35,3282.0
212,27.109375,1103.093505859375,36,2654.0,5.6875,51.109375,33,562.0,14.640625,318.747802734375,29,1306.0,32.671875,1716.802490234375,29,3303.0,34.375,1949.18359375,34,3404.0,9.078125,143.978271484375,39,996.0,7.421875,109.804443359375,35,808.0,32.703125,1742.972412109375,34,3327.0
213,24.140625,937.437255859375,35,2312.0,7.046875,78.511474609375,31,587.0,17.453125,615.472412109375,27,1612.0,41.578125,2608.243896484375,34,4226.0,32.921875,1712.130615234375,35,3247.0,9.890625,159.923583984375,37,1032.0,7.546875,112.790771484375,30,772.0,29.109375,1304.816162109375,38,3016.0
214,22.203125,767.093505859375,39,2274.0,6.359375,67.859130859375,30,517.0,18.40625,650.87109375,29,1798.0,37.421875,2125.273193359375,37,3707.0,29.34375,1361.46875,37,3017.0,7.0,82.2724609375,27,673.0,5.53125,49.0537109375,29,519.0,25.40625,1085.5302734375,38,2714.0
215,23.171875,903.708740234375,43,2512.0,5.53125,51.99609375,29,543.0,15.921875,448.814208984375,33,1565.0,30.34375,1480.62109375,38,3201.0,26.65625,1130.8125,35,2684.0,6.609375,80.398193359375,33,698.0,5.21875,43.359375,30,523.0,29.625,1515.0302734375,39,3192.0
216,24.15625,1029.3896484375,45,2648.0,5.421875,49.827880859375,33,567.0,15.40625,454.9677734375,38,1600.0,27.234375,1197.558349609375,39,2896.0,25.390625,1088.652099609375,37,2584.0,7.515625,98.050537109375,35,761.0,4.5,34.3818359375,29,452.0,30.703125,1630.796630859375,37,3210.0
217,18.09375,600.5849609375,47,2007.0,4.875,35.49609375,40,537.0,16.40625,538.4990234375,39,1678.0,27.0625,1263.2958984375,37,2836.0,33.484375,1815.433349609375,37,3270.0,8.1875,101.9521484375,35,792.0,3.484375,19.511474609375,27,337.0,21.203125,803.751708984375,38,2180.0
218,15.296875,374.935302734375,42,1530.0,5.375,45.09375,38,572.0,17.859375,667.849365234375,37,1905.0,27.0,1258.77734375,35,2899.0,33.3125,1704.27734375,39,3505.0,7.9375,94.62109375,32,755.0,4.25,38.7568359375,25,418.0,19.15625,557.30859375,38,1867.0
219,16.71875,465.0458984375,34,1615.0,5.75,58.125,31,576.0,13.359375,383.818115234375,36,1398.0,24.921875,1046.558349609375,33,2572.0,29.828125,1357.398193359375,38,3181.0,6.625,73.62109375,26,597.0,5.0,49.65625,29,483.0,20.578125,654.091552734375,35,1952.0
220,12.234375,276.796630859375,36,1215.0,4.5,39.9912109375,30,433.0,12.578125,338.116943359375,38,1210.0,22.734375,938.214599609375,31,2134.0,33.875,1723.2880859375,35,3332.0,6.609375,75.806396484375,32,652.0,3.953125,26.054443359375,26,356.0,14.40625,386.953125,34,1420.0
221,10.21875,184.015625,41,1112.0,3.609375,22.423583984375,28,338.0,14.515625,449.380615234375,31,1417.0,20.625,699.5146484375,28,1825.0,33.140625,1810.353271484375,37,3319.0,7.34375,97.2568359375,29,754.0,3.328125,17.419677734375,25,304.0,11.46875,260.74609375,33,1178.0
222,14.53125,454.46875,41,1606.0,4.5,30.453125,32,423.0,14.453125,441.839599609375,27,1476.0,25.5,1014.0927734375,31,2406.0,28.03125,1408.9521484375,35,2838.0,8.234375,128.474365234375,31,850.0,3.421875,18.626708984375,29,321.0,19.1875,748.0771484375,33,1978.0
223,15.53125,483.6240234375,37,1650.0,4.328125,28.429443359375,32,424.0,14.75,429.40234375,27,1449.0,25.328125,993.441162109375,39,2646.0,24.0625,1028.125,29,2335.0,7.71875,103.875,29,752.0,3.3125,15.80859375,27,309.0,20.703125,799.654052734375,36,2156.0
224,10.84375,198.21484375,36,1105.0,3.46875,19.359375,29,338.0,12.484375,271.478271484375,24,1201.0,21.703125,738.320068359375,35,2212.0,23.8125,976.4375,28,2264.0,7.5625,93.0302734375,27,696.0,3.421875,20.306396484375,30,355.0,13.234375,324.989990234375,34,1277.0
225,9.703125,148.988037109375,38,975.0,3.375,19.0,30,321.0,9.71875,179.0927734375,28,976.0,23.359375,961.777099609375,32,2413.0,26.6875,1098.8818359375,35,2576.0,9.3125,135.6875,34,914.0,3.46875,20.2021484375,36,376.0,11.78125,283.46875,35,1268.0
226,13.828125,361.202880859375,35,1364.0,4.328125,31.964599609375,24,388.0,12.84375,318.4990234375,29,1090.0,25.859375,1158.636474609375,32,2646.0,28.6875,1328.4912109375,40,2825.0,9.15625,124.9755859375,41,934.0,3.625,17.9443359375,32,343.0,20.25,880.2099609375,41,2213.0
227,14.390625,389.923583984375,34,1501.0,5.453125,48.259521484375,29,525.0,17.0625,455.65234375,32,1493.0,23.203125,881.488037109375,30,2075.0,27.5625,1275.015625,41,2667.0,7.125,78.43359375,40,746.0,4.078125,23.835693359375,31,365.0,23.53125,1001.71484375,38,2394.0
228,12.890625,252.796630859375,36,1342.0,6.578125,72.579833984375,30,598.0,15.359375,412.734130859375,34,1371.0,24.453125,889.050537109375,36,2229.0,29.5625,1378.65625,41,3142.0,7.78125,119.6396484375,34,767.0,4.4375,29.7646484375,28,403.0,17.046875,453.171630859375,39,1741.0
229,14.40625,324.5537109375,38,1503.0,7.453125,84.224365234375,27,625.0,14.5,484.49609375,28,1524.0,26.171875,1059.835693359375,40,2586.0,31.984375,1614.732177734375,39,3565.0,7.96875,122.2412109375,32,783.0,4.296875,28.857177734375,26,405.0,12.140625,230.361083984375,38,1258.0
230,16.5,506.9208984375,34,1754.0,6.53125,60.78125,27,492.0,15.15625,491.078125,25,1408.0,22.453125,846.792724609375,35,2252.0,29.203125,1496.314208984375,40,3280.0,7.328125,88.335693359375,33,767.0,4.25,28.3974609375,26,366.0,15.359375,472.070068359375,35,1567.0
231,24.296875,1098.906005859375,28,2385.0,8.421875,127.962646484375,30,764.0,12.328125,276.345458984375,28,1139.0,23.453125,908.999755859375,28,2158.0,35.921875,2192.292724609375,45,3841.0,10.34375,253.6005859375,33,1142.0,6.296875,73.236083984375,31,604.0,22.421875,911.273193359375,34,2181.0
232,36.671875,2276.728271484375,30,3642.0,11.96875,224.3740234375,29,1000.0,11.578125,208.669677734375,31,1080.0,25.859375,1098.128662109375,33,2547.0,47.640625,3181.427490234375,41,4712.0,15.34375,425.453125,33,1446.0,10.734375,259.312255859375,35,1092.0,25.1875,1078.5771484375,32,2304.0
233,44.71875,3025.9990234375,39,4754.0,14.09375,301.7333984375,29,1203.0,14.265625,310.902099609375,32,1328.0,28.625,1287.6318359375,38,2849.0,50.90625,3558.078125,35,4861.0,25.0,1053.27734375,40,2501.0,17.921875,587.460693359375,35,1800.0,35.984375,1861.130615234375,40,3615.0
234,46.953125,3133.032958984375,42,4857.0,15.640625,413.988037109375,30,1371.0,13.609375,286.476318359375,33,1324.0,29.21875,1287.5771484375,40,3038.0,48.96875,3371.8427734375,38,4997.0,31.234375,1599.198974609375,42,3541.0,19.140625,581.695068359375,38,1852.0,32.34375,1608.9287109375,47,3582.0
235,42.84375,2727.02734375,33,3954.0,15.34375,385.1474609375,30,1401.0,11.234375,200.720458984375,33,1128.0,30.65625,1427.890625,39,3048.0,44.109375,2695.003662109375,38,4439.0,29.0,1454.3271484375,36,3038.0,16.78125,460.8271484375,36,1591.0,30.40625,1724.93359375,42,3460.0
236,37.0,2246.65234375,33,3503.0,14.234375,279.070068359375,29,1249.0,12.15625,227.625,34,1167.0,31.84375,1631.24609375,36,3238.0,46.734375,3053.413818359375,36,4394.0,30.171875,1521.249755859375,35,3061.0,18.375,589.5849609375,40,1965.0,39.9375,2499.65234375,41,4394.0
237,32.640625,1746.907958984375,31,3026.0,11.078125,208.464599609375,25,951.0,12.84375,253.953125,38,1274.0,34.28125,1949.1162109375,41,3538.0,52.1875,3899.2724609375,43,5553.0,25.4375,1099.74609375,37,2725.0,16.8125,522.15234375,39,1838.0,33.546875,1851.736083984375,36,3343.0
238,27.96875,1179.2177734375,31,2698.0,7.921875,123.874755859375,33,774.0,11.578125,226.601318359375,34,1155.0,35.609375,2051.997802734375,38,3792.0,48.28125,3461.33984375,42,5183.0,17.265625,487.857177734375,36,1868.0,12.078125,272.566162109375,33,1253.0,31.453125,1781.759521484375,41,3423.0
239,28.296875,1206.265380859375,34,2800.0,7.578125,86.786865234375,38,743.0,11.75,225.5380859375,33,1190.0,28.578125,1353.407958984375,32,2893.0,37.75,2236.65234375,36,3820.0,14.6875,361.015625,35,1543.0,9.484375,147.349365234375,36,944.0,28.0625,1492.9599609375,38,2977.0
240,25.375,979.40234375,36,2540.0,7.3125,80.5771484375,38,679.0,13.578125,329.462646484375,34,1251.0,27.203125,1167.638427734375,38,2897.0,32.65625,1786.6240234375,30,2989.0,14.53125,329.65625,37,1487.0,10.25,159.6474609375,39,1041.0,21.03125,822.5458984375,34,2163.0
241,24.640625,1089.333740234375,40,2562.0,7.203125,75.868896484375,33,631.0,21.21875,845.7412109375,28,1675.0,36.40625,2069.3037109375,42,3969.0,31.3125,1671.6552734375,31,2813.0,11.78125,246.12109375,35,1232.0,10.09375,157.6240234375,40,1034.0,25.9375,1312.8974609375,44,2991.0
242,23.140625,1001.384521484375,34,2283.0,7.359375,78.700927734375,31,722.0,21.671875,867.630615234375,31,1866.0,40.578125,2553.741943359375,39,4087.0,35.0,1985.5458984375,36,3391.0,9.0625,153.1240234375,31,966.0,13.46875,388.6162109375,34,1335.0,30.90625,1715.33984375,44,3606.0
243,16.921875,433.906005859375,30,1540.0,6.1875,67.74609375,36,661.0,14.375,406.62109375,37,1477.0,34.75,1989.1552734375,37,3524.0,33.8125,1840.7490234375,35,3220.0,12.109375,308.896240234375,37,1210.0,16.453125,531.341552734375,29,1594.0,29.5625,1388.8271484375,39,3108.0
244,20.703125,774.550537109375,36,1985.0,7.3125,98.9990234375,33,732.0,11.65625,255.68359375,33,1064.0,24.828125,1166.857177734375,35,2561.0,28.328125,1301.353271484375,37,2926.0,16.609375,553.864990234375,40,1612.0,15.015625,383.366943359375,35,1539.0,28.59375,1362.0146484375,35,2886.0
245,23.421875,944.177490234375,36,2240.0,8.796875,126.048583984375,33,840.0,10.0625,161.49609375,31,904.0,18.4375,619.0302734375,36,1939.0,33.6875,1719.25,38,3447.0,15.890625,502.708740234375,35,1465.0,13.453125,328.253662109375,31,1350.0,29.28125,1712.0302734375,35,3035.0
246,20.59375,698.40625,34,1986.0,8.1875,102.27734375,29,706.0,11.84375,213.83984375,31,1041.0,24.140625,926.497802734375,41,2743.0,40.828125,2377.322021484375,41,4182.0,11.3125,262.46875,34,1186.0,13.96875,377.99609375,33,1439.0,37.734375,2408.587646484375,39,4051.0
247,20.5,770.08984375,35,2222.0,8.640625,107.632568359375,35,786.0,18.0,581.328125,33,1670.0,33.578125,1754.353271484375,45,3800.0,45.859375,3045.255615234375,38,4762.0,11.21875,268.28125,30,1156.0,15.84375,435.109375,36,1626.0,42.59375,2578.30859375,40,4564.0
248,18.25,665.6943359375,33,1918.0,8.96875,118.6474609375,38,822.0,20.828125,770.304443359375,33,1953.0,32.625,1691.3740234375,41,3499.0,46.078125,3153.515380859375,34,4751.0,12.46875,290.328125,32,1246.0,15.53125,396.2021484375,35,1568.0,36.375,1997.65234375,37,3769.0
249,18.015625,563.386474609375,28,1831.0,9.453125,170.812255859375,30,822.0,13.421875,364.980224609375,28,1186.0,25.671875,1027.788818359375,34,2458.0,41.84375,2600.4912109375,34,3984.0,13.5625,269.453125,39,1367.0,18.6875,578.3896484375,41,1941.0,34.53125,1829.5927734375,37,3533.0
250,25.21875,1041.62109375,32,2619.0,12.78125,285.03125,27,1157.0,12.953125,359.111083984375,29,1378.0,27.96875,1176.4833984375,38,2852.0,41.15625,2573.1162109375,33,4126.0,15.984375,398.023193359375,40,1653.0,21.625,738.8505859375,42,2317.0,36.96875,2155.9365234375,40,3995.0
251,29.625,1369.6943359375,39,3149.0,14.859375,319.081787109375,28,1331.0,20.046875,722.683349609375,32,2065.0,34.109375,1747.372802734375,35,3364.0,39.515625,2578.739990234375,34,3977.0,16.859375,467.513427734375,39,1646.0,22.984375,833.286865234375,42,2494.0,42.21875,2795.4287109375,36,4323.0
252,26.046875,1127.411865234375,33,2840.0,16.53125,409.0615234375,26,1400.0,21.84375,772.3349609375,28,1747.0,31.6875,1672.7412109375,30,3008.0,34.609375,1952.351318359375,38,3495.0,15.078125,384.546630859375,38,1393.0,22.171875,805.966552734375,35,2171.0,39.859375,2470.066162109375,33,3832.0
253,23.203125,934.116943359375,26,2234.0,15.359375,358.816162109375,26,1200.0,20.375,632.21484375,29,1650.0,25.921875,1187.849365234375,34,2700.0,40.921875,2433.577880859375,37,4059.0,14.640625,337.113037109375,39,1520.0,15.84375,465.55859375,35,1559.0,33.078125,1810.447021484375,33,3183.0
254,26.359375,1059.859130859375,33,2581.0,10.5625,174.6875,30,928.0,17.734375,547.962646484375,36,1866.0,24.5625,948.24609375,39,2675.0,46.140625,2953.763427734375,45,5014.0,13.765625,281.956787109375,37,1451.0,14.609375,371.374755859375,40,1516.0,34.03125,1827.8115234375,36,3481.0
255,27.6875,1274.5849609375,36,2918.0,9.15625,152.140625,28,921.0,17.53125,530.1943359375,33,1765.0,20.921875,646.818115234375,38,2228.0,40.015625,2481.189208984375,45,4602.0,12.515625,238.958740234375,38,1280.0,15.453125,394.863037109375,39,1610.0,32.75,1514.62109375,37,3168.0
256,23.625,1052.7802734375,35,2524.0,9.765625,164.652099609375,33,1038.0,18.859375,518.857177734375,32,1629.0,22.3125,721.05859375,36,2211.0,41.4375,2722.9755859375,36,4515.0,13.578125,285.093505859375,39,1431.0,13.140625,313.962646484375,42,1425.0,27.28125,1077.5625,27,2422.0
257,23.265625,953.177490234375,37,2453.0,10.921875,186.732177734375,37,1046.0,20.0,595.046875,33,1683.0,22.265625,768.501708984375,37,2149.0,44.8125,3030.4599609375,34,4564.0,14.484375,321.450927734375,37,1500.0,15.78125,538.09375,44,1714.0,27.390625,1303.935302734375,28,2550.0
258,23.78125,932.1875,36,2383.0,9.890625,152.585693359375,33,890.0,17.140625,464.554443359375,30,1522.0,15.09375,413.58984375,34,1546.0,45.953125,3226.646240234375,41,4675.0,13.4375,274.984375,32,1216.0,17.53125,617.609375,36,1809.0,30.84375,1521.296875,42,3143.0
259,19.09375,614.1630859375,35,1892.0,7.5625,90.3427734375,35,724.0,16.21875,404.15625,36,1646.0,16.65625,402.484375,28,1461.0,41.84375,2863.5693359375,43,4313.0,11.6875,210.1630859375,33,1073.0,13.15625,297.171875,33,1311.0,27.609375,1203.572021484375,42,2944.0
260,18.65625,610.875,38,1947.0,6.984375,74.544677734375,29,584.0,16.171875,417.281005859375,34,1498.0,18.421875,483.253662109375,30,1660.0,39.78125,2693.12109375,37,4135.0,9.703125,167.575927734375,30,992.0,9.890625,162.624755859375,35,979.0,24.40625,1063.9677734375,38,2615.0
261,19.4375,656.6865234375,39,2004.0,7.40625,79.9208984375,25,581.0,14.1875,355.2021484375,30,1273.0,17.046875,556.517333984375,35,1834.0,39.828125,2688.228271484375,38,4263.0,9.6875,171.7255859375,34,1003.0,10.1875,200.58984375,38,1064.0,20.578125,723.243896484375,44,2320.0
262,21.390625,818.032958984375,41,2325.0,8.046875,101.640380859375,26,690.0,12.203125,273.925537109375,34,1209.0,14.453125,434.222412109375,34,1522.0,31.796875,1773.630615234375,34,3287.0,9.5,157.1162109375,33,925.0,12.40625,270.2646484375,42,1372.0,18.203125,546.544677734375,43,2028.0
263,22.328125,871.370849609375,43,2480.0,8.625,130.5927734375,23,824.0,11.25,219.6630859375,35,1113.0,14.625,362.6708984375,33,1444.0,29.0,1279.5537109375,35,2793.0,7.890625,101.876708984375,30,734.0,10.75,212.3505859375,38,1173.0,15.21875,409.671875,37,1622.0
264,18.15625,671.5302734375,35,1830.0,9.28125,148.1162109375,25,849.0,16.875,514.78125,33,1648.0,20.53125,682.71484375,37,2030.0,33.265625,1674.013427734375,39,3360.0,9.234375,154.679443359375,36,916.0,9.390625,180.128662109375,39,1013.0,15.8125,577.71875,37,1696.0
265,16.28125,505.6943359375,33,1599.0,8.609375,119.364990234375,27,689.0,21.015625,785.134521484375,37,2108.0,22.90625,828.9208984375,39,2325.0,36.390625,1977.874755859375,34,3755.0,9.84375,166.8125,36,981.0,11.703125,255.986083984375,37,1260.0,22.34375,952.49609375,37,2248.0
266,18.03125,507.09375,35,1824.0,7.34375,85.4375,24,591.0,20.234375,730.595458984375,35,1982.0,19.984375,658.607177734375,37,2024.0,32.59375,1554.02734375,36,3313.0,8.875,120.25,35,919.0,12.015625,239.355224609375,36,1291.0,22.921875,839.974365234375,36,2240.0
267,18.734375,536.290771484375,42,1961.0,7.546875,100.441162109375,25,595.0,18.375,576.6708984375,28,1748.0,21.546875,780.937255859375,36,2260.0,27.296875,1238.974365234375,39,2857.0,10.671875,204.050537109375,32,1113.0,9.375,155.8349609375,36,1046.0,21.359375,740.404052734375,38,2255.0
268,14.4375,341.6875,44,1626.0,8.0625,107.84375,30,686.0,16.578125,487.501708984375,30,1705.0,24.609375,971.296630859375,40,2624.0,30.78125,1678.671875,38,3354.0,11.734375,259.497802734375,28,1206.0,8.859375,168.099365234375,30,942.0,18.796875,606.226318359375,39,2054.0
269,13.5625,366.2099609375,31,1347.0,7.21875,83.52734375,30,639.0,14.640625,377.515380859375,32,1531.0,24.1875,873.6005859375,39,2478.0,34.078125,1953.796630859375,39,3747.0,11.4375,236.52734375,33,1200.0,14.609375,444.843505859375,36,1612.0,19.09375,616.9599609375,37,1971.0
270,14.359375,416.726318359375,29,1431.0,6.671875,68.437255859375,35,677.0,15.34375,391.4677734375,35,1619.0,27.21875,1087.5693359375,37,2667.0,35.40625,1975.5380859375,40,3730.0,8.90625,146.125,32,911.0,17.296875,534.864990234375,40,1881.0,20.234375,669.368896484375,38,2127.0
271,12.25,296.33984375,33,1283.0,6.046875,57.536865234375,32,649.0,14.03125,345.80859375,42,1553.0,28.859375,1228.515380859375,41,3067.0,33.078125,1724.767333984375,41,3514.0,6.8125,83.68359375,32,662.0,13.140625,302.204833984375,39,1424.0,19.453125,653.220458984375,42,2129.0
272,17.140625,533.366943359375,34,1601.0,6.3125,66.8037109375,27,606.0,23.109375,1556.552490234375,36,2024.0,32.859375,1727.693115234375,40,3215.0,26.765625,1092.634521484375,37,2597.0,9.40625,179.4521484375,32,903.0,10.125,171.37109375,33,1003.0,25.6875,1307.8037109375,34,2438.0
273,18.828125,593.445068359375,28,1630.0,11.875,273.80859375,36,1130.0,42.875,3209.4755859375,32,3675.0,45.234375,2988.728271484375,36,3871.0,27.734375,1228.390380859375,37,2680.0,13.359375,327.792724609375,34,1343.0,8.703125,119.597412109375,32,831.0,29.96875,1655.4677734375,27,2623.0
274,16.0625,420.90234375,30,1547.0,15.515625,428.796630859375,34,1522.0,50.5,3974.2099609375,34,4829.0,52.140625,3977.603271484375,31,4489.0,30.15625,1370.1162109375,39,2998.0,15.6875,418.40234375,39,1565.0,8.5,101.3662109375,36,883.0,30.8125,1546.09375,30,2906.0
275,17.84375,541.1552734375,33,1814.0,15.828125,466.277099609375,30,1555.0,52.890625,4103.685302734375,30,4683.0,49.859375,3926.886474609375,27,4228.0,30.28125,1294.6865234375,36,3058.0,14.578125,332.853271484375,35,1391.0,10.0,148.734375,33,1032.0,36.234375,2076.239990234375,35,3475.0
276,19.34375,645.9521484375,36,2099.0,14.8125,383.5380859375,36,1346.0,56.109375,4033.116943359375,33,4660.0,46.6875,3439.4052734375,30,4171.0,27.65625,1126.46484375,37,2816.0,14.5,320.30859375,33,1419.0,10.390625,190.195068359375,27,966.0,42.84375,2835.046875,41,4476.0
277,21.375,716.7490234375,39,2258.0,16.65625,457.6787109375,38,1556.0,61.65625,5108.5927734375,35,5598.0,55.609375,4455.697021484375,30,4872.0,25.515625,1033.062255859375,39,2640.0,15.03125,382.40234375,34,1596.0,11.96875,240.15234375,27,1049.0,49.03125,3351.87109375,39,4712.0
278,22.625,777.46484375,32,2050.0,20.84375,749.4365234375,36,2002.0,64.390625,5943.843505859375,38,6524.0,64.84375,5614.234375,32,5803.0,22.0,837.37109375,35,2277.0,14.875,376.796875,35,1547.0,13.453125,277.720458984375,34,1333.0,47.15625,3088.875,35,4422.0
279,25.4375,1025.515625,31,2446.0,21.78125,817.74609375,31,2069.0,62.140625,5660.720458984375,38,6360.0,60.6875,5135.46484375,30,5494.0,21.796875,812.911865234375,34,2157.0,15.6875,383.7958984375,35,1575.0,12.6875,253.1865234375,35,1317.0,48.0625,3494.62109375,33,4491.0
280,26.25,1215.1787109375,33,2543.0,22.25,831.5224609375,29,1999.0,62.796875,5681.818115234375,37,6178.0,60.515625,5297.290771484375,31,5636.0,27.109375,1143.163818359375,38,2774.0,13.5,276.8427734375,32,1295.0,12.671875,250.310302734375,28,1167.0,43.609375,3044.886474609375,35,4134.0
281,17.765625,682.730224609375,28,1587.0,23.65625,1031.1865234375,36,2225.0,60.828125,5157.017333984375,35,5845.0,63.75,5730.3583984375,36,6127.0,29.0625,1432.859375,38,2975.0,18.03125,608.5615234375,38,1895.0,11.3125,208.796875,29,1023.0,32.515625,1706.779052734375,35,3342.0
282,14.25,373.80859375,29,1345.0,23.359375,990.478271484375,39,2291.0,58.34375,4610.4521484375,29,5148.0,64.515625,5580.831787109375,32,5746.0,34.265625,2054.038818359375,37,3594.0,21.71875,766.83984375,41,2318.0,11.03125,223.52734375,35,1102.0,30.34375,1608.1865234375,36,3043.0
283,14.9375,434.953125,34,1464.0,16.890625,496.296630859375,38,1637.0,53.921875,4134.572021484375,30,4991.0,53.28125,4182.2568359375,30,4887.0,31.0625,1661.203125,38,3297.0,16.984375,454.864990234375,39,1700.0,10.609375,217.823974609375,38,1113.0,26.84375,1271.5927734375,38,2674.0
284,11.90625,241.30859375,37,1191.0,11.1875,198.890625,37,1117.0,43.265625,2927.706787109375,32,4067.0,33.828125,1902.429443359375,29,3099.0,22.375,755.71484375,40,2395.0,12.21875,280.8349609375,33,1205.0,6.96875,93.62109375,34,711.0,22.265625,801.368896484375,41,2332.0
285,9.0625,120.421875,43,972.0,7.828125,109.124755859375,36,786.0,32.25,1816.21484375,27,2997.0,23.59375,945.7021484375,29,2220.0,18.953125,550.257568359375,37,1904.0,8.953125,169.595458984375,32,952.0,4.109375,35.583740234375,25,381.0,13.671875,337.888427734375,39,1339.0
286,6.640625,81.189208984375,45,772.0,3.8125,29.7021484375,26,367.0,19.734375,719.529052734375,28,1696.0,17.40625,538.96875,30,1626.0,20.796875,905.743896484375,36,2318.0,8.21875,138.03125,41,903.0,2.4375,9.02734375,32,238.0,5.3125,50.3115234375,36,533.0
287,3.875,40.3271484375,30,419.0,2.140625,6.228271484375,19,179.0,10.1875,182.0927734375,34,882.0,11.921875,258.128662109375,33,1172.0,22.484375,992.779052734375,40,2486.0,7.0,84.3037109375,40,801.0,2.484375,8.452880859375,33,249.0,2.546875,10.251708984375,32,259.0
288,1.703125,4.005615234375,16,135.0,1.921875,4.784912109375,21,166.0,7.234375,88.189208984375,28,620.0,10.40625,168.2177734375,36,1068.0,19.71875,609.5380859375,39,2051.0,6.375,68.80859375,36,670.0,2.125,6.87109375,22,208.0,1.78125,4.99609375,24,179.0
289,1.5625,3.1396484375,14,115.0,1.90625,5.4208984375,20,162.0,6.703125,83.339599609375,23,625.0,10.84375,187.55859375,33,1079.0,17.296875,469.751708984375,36,1754.0,5.15625,47.9677734375,31,501.0,1.65625,3.8271484375,22,156.0,1.609375,4.089599609375,17,161.0
290,1.828125,4.335693359375,24,155.0,2.5625,11.1708984375,22,232.0,9.59375,215.1552734375,29,983.0,12.921875,311.984130859375,33,1249.0,13.96875,322.21484375,32,1432.0,5.0,45.6630859375,29,473.0,1.9375,6.265625,23,200.0,1.8125,4.93359375,19,163.0
291,2.296875,7.208740234375,25,187.0,3.421875,17.197021484375,21,307.0,14.140625,372.995849609375,34,1382.0,14.296875,369.009521484375,35,1430.0,13.40625,277.109375,32,1361.0,6.609375,64.036865234375,38,665.0,2.265625,8.505615234375,23,228.0,2.28125,7.0537109375,23,172.0
292,2.71875,10.0537109375,16,181.0,3.140625,13.763427734375,22,280.0,12.359375,273.189208984375,30,1164.0,12.0,266.37109375,37,1263.0,15.640625,424.474365234375,41,1704.0,5.84375,50.80859375,41,623.0,2.140625,7.837646484375,27,232.0,2.296875,7.443115234375,25,179.0
293,2.796875,10.277099609375,17,200.0,2.765625,11.013427734375,22,237.0,11.09375,236.49609375,27,1025.0,12.1875,286.4287109375,36,1272.0,18.28125,544.1005859375,44,1955.0,4.6875,39.4990234375,35,490.0,1.953125,6.054443359375,27,189.0,2.046875,5.712646484375,34,186.0
294,2.171875,6.765380859375,20,182.0,2.671875,10.200927734375,23,229.0,11.546875,226.749755859375,28,1038.0,13.9375,304.8271484375,39,1414.0,16.796875,447.257568359375,41,1782.0,4.84375,39.83984375,31,489.0,2.375,8.83984375,28,230.0,1.96875,4.7646484375,30,174.0
295,1.609375,3.798583984375,16,134.0,2.609375,12.130615234375,25,249.0,11.265625,284.284912109375,29,1101.0,16.109375,399.425537109375,44,1653.0,16.828125,513.417724609375,37,1761.0,5.109375,40.931396484375,32,510.0,2.546875,10.759521484375,33,265.0,1.953125,4.503662109375,25,157.0
296,2.140625,8.142333984375,18,191.0,3.6875,26.375,25,356.0,17.015625,607.316162109375,25,1604.0,20.671875,694.300537109375,40,2078.0,20.8125,757.3583984375,41,2233.0,7.109375,93.739990234375,37,716.0,2.5625,9.9375,36,253.0,3.1875,17.6630859375,33,266.0
297,3.171875,15.958740234375,23,288.0,4.828125,40.109130859375,29,490.0,21.109375,746.988037109375,29,2001.0,23.09375,909.8974609375,35,2465.0,26.625,1156.55859375,43,2865.0,11.375,203.828125,39,1220.0,3.09375,15.0146484375,32,327.0,4.65625,33.640625,35,404.0
298,3.234375,14.986083984375,23,286.0,4.078125,28.941162109375,33,394.0,16.453125,498.263427734375,31,1591.0,21.484375,791.575927734375,37,2383.0,26.578125,1124.308349609375,41,2850.0,11.53125,200.6162109375,40,1254.0,3.53125,19.40234375,29,358.0,4.515625,29.726318359375,32,422.0
299,2.625,10.2724609375,23,228.0,3.34375,18.296875,29,326.0,16.5625,507.0927734375,31,1653.0,19.265625,577.937255859375,40,2110.0,25.3125,930.9365234375,39,2610.0,9.640625,150.368896484375,38,978.0,3.234375,16.097412109375,32,314.0,4.3125,24.8974609375,26,367.0
300,2.390625,8.667724609375,25,195.0,3.328125,19.277099609375,22,341.0,17.84375,543.34375,36,1839.0,19.140625,660.023193359375,40,2011.0,26.65625,1013.3740234375,41,2710.0,8.296875,118.245849609375,33,784.0,2.5,10.93359375,28,253.0,4.328125,26.755615234375,27,383.0
301,2.390625,7.601318359375,23,176.0,2.90625,13.9599609375,23,262.0,15.203125,394.441162109375,33,1447.0,18.796875,779.876708984375,33,1954.0,23.15625,841.5068359375,41,2506.0,7.28125,90.953125,32,699.0,2.546875,11.144287109375,25,243.0,3.78125,21.3740234375,31,351.0
302,2.828125,12.827880859375,19,225.0,3.65625,22.3125,29,326.0,16.453125,475.861083984375,29,1477.0,18.921875,760.070068359375,31,2017.0,23.0,801.12109375,38,2449.0,10.65625,221.5849609375,33,1090.0,3.328125,16.697021484375,26,296.0,4.75,36.71875,28,392.0
303,2.75,13.15234375,16,235.0,3.703125,23.718505859375,30,331.0,15.328125,402.476318359375,33,1361.0,24.640625,1138.636474609375,33,2498.0,25.015625,868.189208984375,43,2713.0,12.03125,255.3115234375,35,1222.0,3.234375,16.829833984375,29,315.0,4.5625,35.9052734375,24,365.0
304,2.984375,14.556396484375,18,249.0,3.34375,22.171875,23,319.0,14.859375,367.212646484375,36,1454.0,23.75,1061.43359375,33,2364.0,25.28125,931.18359375,43,2804.0,11.609375,241.818115234375,29,1194.0,3.296875,17.386474609375,29,317.0,4.53125,34.71875,24,392.0
305,3.078125,14.974365234375,17,247.0,3.90625,25.5537109375,20,356.0,16.921875,506.781005859375,31,1577.0,18.171875,563.562255859375,32,1661.0,25.78125,1057.1630859375,35,2592.0,14.203125,356.146240234375,25,1360.0,3.546875,19.943115234375,26,331.0,4.84375,36.9287109375,21,414.0
306,2.484375,8.825927734375,21,209.0,3.25,16.37109375,23,300.0,14.8125,422.5537109375,33,1461.0,17.984375,580.741943359375,36,1848.0,22.203125,895.003662109375,34,2245.0,14.671875,352.579833984375,35,1412.0,3.125,14.62109375,28,309.0,4.203125,25.464599609375,26,397.0
307,2.390625,9.661865234375,22,216.0,2.9375,15.3740234375,26,283.0,14.1875,346.25,38,1481.0,20.0625,720.65625,37,2109.0,20.578125,774.827880859375,36,2221.0,12.15625,270.9052734375,41,1227.0,2.9375,12.1318359375,31,293.0,4.25,26.7177734375,28,389.0
308,2.234375,8.861083984375,19,208.0,3.421875,20.261474609375,28,332.0,15.359375,395.251708984375,38,1610.0,21.6875,707.8896484375,39,2169.0,24.40625,973.99609375,38,2597.0,11.203125,219.302490234375,38,1109.0,2.90625,13.1005859375,35,309.0,4.046875,25.687255859375,27,352.0
309,2.71875,10.640625,26,276.0,3.734375,22.597412109375,29,357.0,16.078125,458.656005859375,36,1602.0,25.875,1069.734375,36,2453.0,22.015625,772.886474609375,32,2226.0,11.921875,217.757568359375,32,1121.0,3.28125,17.9208984375,34,346.0,4.71875,34.890625,34,451.0
310,3.21875,15.3271484375,29,309.0,4.109375,27.296630859375,28,410.0,18.1875,558.0146484375,34,1808.0,25.1875,1141.1708984375,34,2552.0,20.28125,631.7099609375,32,2004.0,10.578125,191.136474609375,29,1008.0,3.3125,18.734375,27,330.0,4.96875,36.9833984375,36,457.0
311,3.15625,15.4599609375,24,288.0,4.140625,32.017333984375,26,412.0,18.640625,615.148193359375,35,1865.0,19.15625,637.4443359375,33,1819.0,23.734375,901.208740234375,37,2479.0,12.09375,255.99609375,31,1218.0,3.265625,16.609130859375,24,300.0,4.875,37.93359375,28,430.0
312,3.9375,25.18359375,24,391.0,4.21875,30.8505859375,29,414.0,18.03125,567.09375,39,1839.0,21.125,684.53125,33,1982.0,21.25,758.59375,36,2131.0,14.03125,304.80859375,37,1374.0,3.3125,16.83984375,33,324.0,5.296875,47.269287109375,26,510.0
313,6.375,78.3115234375,26,616.0,6.734375,78.370849609375,28,601.0,23.140625,967.523193359375,34,2230.0,29.671875,1460.197021484375,40,3191.0,24.015625,863.880615234375,34,2020.0,15.171875,367.876708984375,36,1320.0,4.703125,37.489990234375,34,439.0,9.09375,155.05859375,26,792.0
314,10.5,202.2177734375,27,973.0,9.609375,138.081787109375,28,874.0,32.515625,1692.859130859375,33,3164.0,42.390625,3076.728271484375,41,4542.0,37.03125,2121.4375,36,3403.0,21.0625,710.1083984375,35,1899.0,7.890625,101.468505859375,32,770.0,23.65625,1211.9365234375,30,2241.0
315,18.359375,630.452880859375,32,1872.0,14.796875,382.351318359375,34,1370.0,44.828125,3106.167724609375,37,4376.0,51.578125,4197.085693359375,32,4754.0,43.03125,2810.02734375,37,4236.0,26.1875,1098.8896484375,39,2649.0,12.203125,243.798583984375,33,1133.0,37.703125,2275.677490234375,40,3887.0
316,22.625,878.43359375,39,2499.0,16.234375,436.456787109375,34,1461.0,44.28125,3198.8427734375,34,4130.0,51.71875,4127.08984375,31,4307.0,38.828125,2330.038818359375,34,3717.0,24.90625,999.9755859375,31,2393.0,14.34375,331.02734375,28,1270.0,38.921875,2174.939208984375,38,3736.0
317,21.015625,783.978271484375,34,2146.0,13.375,335.8505859375,33,1221.0,42.25,2894.87109375,33,3670.0,45.25,3462.9990234375,30,3861.0,35.359375,2031.257568359375,35,3432.0,26.28125,1010.5615234375,33,2440.0,14.53125,350.80859375,26,1279.0,41.234375,2563.038818359375,33,3712.0
318,17.890625,582.573974609375,28,1707.0,17.390625,659.972412109375,35,1689.0,47.609375,3513.679443359375,38,4287.0,42.796875,3194.720458984375,32,4076.0,34.71875,1786.0,34,3271.0,25.75,991.953125,36,2462.0,13.21875,328.8037109375,24,1150.0,37.03125,2250.3125,37,3419.0
319,14.390625,363.562255859375,31,1394.0,15.5625,539.62109375,29,1573.0,42.46875,2857.99609375,36,4012.0,45.53125,3178.9375,31,3914.0,29.390625,1334.630615234375,39,2964.0,19.921875,639.810302734375,33,1885.0,11.59375,247.71484375,25,976.0,28.078125,1281.249755859375,32,2596.0
320,17.078125,522.425537109375,34,1602.0,15.5,434.1396484375,28,1451.0,37.171875,2146.226318359375,30,3390.0,41.546875,2574.845458984375,26,3507.0,27.109375,1223.609130859375,39,2808.0,20.96875,759.05859375,34,2054.0,11.671875,220.435302734375,26,1007.0,24.9375,1022.3271484375,28,2304.0
321,18.53125,554.3505859375,39,1821.0,16.09375,465.5625,31,1531.0,35.0,1887.7412109375,32,3363.0,36.515625,2058.712646484375,26,3328.0,32.859375,1710.962646484375,35,3298.0,26.109375,1103.818115234375,37,2786.0,9.0625,140.8740234375,34,881.0,24.859375,1078.722412109375,39,2513.0
322,18.75,547.7177734375,38,2025.0,14.375,353.0458984375,31,1256.0,36.234375,1962.751708984375,30,3213.0,41.28125,2521.859375,34,4079.0,33.25,1728.21875,35,3304.0,27.84375,1301.0927734375,40,3019.0,8.3125,130.65625,37,890.0,32.5625,1877.15234375,39,3388.0
323,24.953125,1143.269287109375,37,2675.0,18.1875,548.2412109375,32,1545.0,36.421875,2108.351318359375,32,3405.0,43.203125,2860.814208984375,40,4558.0,32.90625,1615.6318359375,36,3223.0,25.4375,1150.37109375,35,2482.0,11.453125,234.646240234375,35,1207.0,33.625,1974.62109375,38,3481.0
324,32.421875,1862.896240234375,33,3150.0,17.671875,564.661865234375,25,1501.0,36.515625,2238.503662109375,29,3234.0,42.578125,2856.066162109375,32,3923.0,32.171875,1599.443115234375,35,3350.0,27.171875,1208.888427734375,36,2771.0,12.765625,289.077880859375,31,1258.0,33.78125,2053.2412109375,36,3617.0
325,34.3125,1830.859375,30,2899.0,14.34375,367.02734375,25,1226.0,38.78125,2320.546875,28,3327.0,44.09375,2849.62109375,28,3629.0,28.84375,1413.796875,32,3147.0,26.40625,1115.9833984375,39,2632.0,14.125,394.43359375,28,1398.0,44.265625,3120.079833984375,36,4726.0
326,27.0625,1160.55859375,37,2477.0,12.46875,262.6083984375,28,1102.0,43.53125,2999.0224609375,32,4039.0,47.171875,3289.982177734375,30,4101.0,29.9375,1389.24609375,33,3147.0,23.578125,893.741943359375,37,2419.0,13.375,330.12109375,32,1287.0,44.28125,3001.65234375,39,4431.0
327,17.484375,510.173583984375,37,1652.0,10.921875,229.630615234375,24,981.0,41.03125,2857.3505859375,28,3741.0,48.34375,3508.125,31,4270.0,32.125,1432.12109375,36,2956.0,24.78125,994.1083984375,38,2682.0,12.90625,301.5849609375,31,1228.0,36.203125,2069.710693359375,32,3264.0
328,14.34375,315.3896484375,36,1284.0,10.03125,224.453125,23,921.0,37.0625,2224.9755859375,28,3356.0,42.515625,2838.861083984375,34,3935.0,31.1875,1658.2412109375,37,3121.0,23.8125,988.8037109375,36,2469.0,12.71875,317.21875,29,1300.0,31.5625,1615.8193359375,33,2917.0
329,14.3125,334.52734375,33,1293.0,10.6875,257.2021484375,28,1025.0,43.953125,2892.407958984375,30,3897.0,37.6875,2193.5302734375,32,3387.0,31.046875,1676.907958984375,38,3272.0,21.4375,901.1552734375,38,2257.0,9.75,185.6552734375,33,994.0,24.28125,992.71875,38,2370.0
330,15.484375,385.462646484375,34,1496.0,10.34375,211.4833984375,33,988.0,44.0,3094.33984375,33,4077.0,41.1875,2700.59375,35,3891.0,30.28125,1438.02734375,33,2989.0,19.359375,703.507568359375,39,2019.0,9.4375,172.21484375,34,1021.0,26.0,1181.68359375,39,2687.0
331,19.578125,629.646240234375,37,2083.0,9.359375,159.140380859375,32,858.0,33.71875,2007.4365234375,32,3058.0,49.140625,3657.480224609375,35,4412.0,26.78125,1248.8037109375,35,2801.0,17.703125,596.364990234375,35,1741.0,9.578125,182.986083984375,35,1051.0,36.640625,2253.749755859375,39,3845.0
332,17.65625,535.171875,37,1883.0,10.671875,190.361083984375,32,1026.0,36.078125,1965.843505859375,29,3092.0,45.59375,2933.7724609375,35,3855.0,28.28125,1316.625,40,3009.0,20.96875,758.3193359375,36,2220.0,10.390625,198.218505859375,33,1084.0,32.6875,1825.9833984375,37,3348.0
333,17.484375,556.730224609375,30,1656.0,14.328125,326.546630859375,33,1368.0,43.546875,2687.656005859375,34,3972.0,39.203125,2368.392333984375,37,3947.0,29.359375,1283.698974609375,35,2790.0,21.359375,807.152099609375,34,2135.0,12.40625,245.8427734375,28,1189.0,34.625,1869.1552734375,34,3270.0
334,25.59375,1028.7724609375,27,2415.0,17.140625,535.927490234375,35,1718.0,42.515625,2726.589599609375,37,4306.0,40.59375,2729.1005859375,30,3887.0,34.578125,1918.363037109375,35,3491.0,20.6875,880.3818359375,31,2022.0,12.34375,255.43359375,33,1298.0,45.015625,2741.800537109375,31,4121.0
335,26.703125,1087.406005859375,33,2712.0,16.96875,504.2177734375,30,1521.0,39.484375,2530.163818359375,30,3728.0,44.109375,2962.167724609375,31,4037.0,39.484375,2269.464599609375,39,4165.0,22.515625,948.556396484375,38,2347.0,12.0,267.9130859375,36,1233.0,42.25,2387.7490234375,36,4278.0
336,21.328125,778.702880859375,37,2218.0,15.0625,387.83984375,30,1325.0,41.28125,2956.9130859375,30,3877.0,39.625,2430.953125,30,3664.0,29.390625,1304.034912109375,40,3099.0,22.078125,846.868896484375,37,2247.0,12.15625,247.2568359375,34,1168.0,31.921875,1619.450927734375,40,3506.0
337,20.234375,734.384521484375,41,2138.0,13.8125,350.609375,35,1428.0,44.03125,3299.375,33,4338.0,32.453125,1852.677490234375,25,2869.0,20.890625,784.866943359375,39,2243.0,24.375,962.0771484375,38,2408.0,9.6875,142.953125,33,847.0,25.875,1191.3818359375,39,2788.0
338,17.546875,582.429443359375,35,1835.0,10.71875,193.65234375,30,1035.0,40.28125,2599.1240234375,36,4041.0,31.984375,1987.521240234375,28,3107.0,20.703125,717.265380859375,38,2061.0,20.5625,755.18359375,37,2206.0,8.53125,148.8740234375,34,861.0,27.109375,1205.269287109375,40,2911.0
