,0,1,2,3,4,5,6,7,8,9,10,11,12,13,14,15,16,17,18,19,20,21,22,23,24,25,26,27,28,29,30,31,32
0,17.34375,527.8583984375,32,1799.0,52.890625,4300.284912109375,29,5050.0,40.453125,2409.333740234375,43,4318.0,3.890625,22.786865234375,24,350.0,29.640625,1393.249755859375,36,2948.0,29.984375,1371.300537109375,38,3137.0,30.8125,1645.453125,32,2930.0,15.6875,434.734375,37,1569.0,0
1,16.0625,470.5625,34,1767.0,46.5625,3509.1552734375,33,4587.0,37.9375,2200.1943359375,37,3764.0,3.9375,21.90234375,19,315.0,27.984375,1149.782958984375,33,2439.0,30.390625,1450.308349609375,36,3249.0,30.109375,1511.825927734375,32,2820.0,13.484375,329.353271484375,36,1472.0,0
2,16.6875,475.18359375,39,1821.0,46.0,3067.671875,39,4579.0,36.453125,2145.122802734375,34,3456.0,3.734375,19.523193359375,24,307.0,28.265625,1158.474365234375,33,2499.0,28.265625,1300.591552734375,34,2910.0,25.921875,1177.665771484375,37,2560.0,11.421875,246.693115234375,35,1198.0,0
3,12.046875,264.189208984375,37,1253.0,39.484375,2301.126708984375,42,4051.0,31.234375,1697.822021484375,36,3058.0,3.703125,20.048583984375,33,357.0,23.578125,828.111083984375,32,2115.0,19.96875,657.5224609375,37,2056.0,18.71875,600.93359375,35,1979.0,7.5,95.125,34,771.0,0
4,8.375,107.18359375,33,807.0,32.859375,1770.747802734375,40,3468.0,27.46875,1245.5224609375,34,2725.0,3.640625,18.786865234375,30,346.0,22.171875,785.941162109375,34,2187.0,20.5625,694.171875,44,2274.0,18.578125,652.189208984375,32,1839.0,7.046875,88.915771484375,30,683.0,0
5,9.109375,148.269287109375,37,943.0,33.59375,1876.80859375,37,3507.0,32.796875,1755.937255859375,31,3113.0,3.25,14.5849609375,25,266.0,25.0,1060.0849609375,35,2654.0,20.0625,635.6708984375,45,2298.0,18.671875,606.868896484375,34,1876.0,7.234375,94.886474609375,28,712.0,0
6,10.40625,187.8974609375,41,1163.0,28.828125,1519.411865234375,36,2997.0,34.0,2003.58984375,33,3554.0,3.140625,14.751708984375,24,260.0,23.828125,948.253662109375,43,2715.0,16.609375,485.314208984375,40,1715.0,13.90625,330.5458984375,36,1428.0,6.59375,87.4833984375,31,724.0,0
7,8.859375,142.058349609375,35,903.0,27.875,1342.40234375,41,2964.0,33.03125,1797.4443359375,42,3755.0,3.6875,20.78125,25,335.0,19.3125,616.1943359375,41,2015.0,16.5625,542.8271484375,35,1595.0,13.84375,385.30859375,36,1449.0,6.234375,73.802490234375,31,630.0,0
8,7.578125,102.675537109375,37,739.0,32.625,1625.625,37,3186.0,31.96875,1601.65234375,42,3379.0,3.171875,17.675537109375,22,300.0,16.328125,388.292724609375,33,1351.0,18.125,570.37109375,36,1829.0,15.234375,424.501708984375,35,1626.0,5.5,53.49609375,29,527.0,0
9,7.140625,89.208740234375,37,753.0,26.796875,1245.933349609375,38,2720.0,31.265625,1574.093505859375,39,3349.0,2.90625,13.46484375,17,225.0,17.421875,416.195068359375,36,1491.0,19.578125,600.486083984375,38,2085.0,16.5625,464.203125,38,1801.0,4.640625,35.749755859375,31,482.0,0
10,6.75,78.421875,31,671.0,29.859375,1605.087646484375,44,3290.0,28.578125,1382.462646484375,44,3279.0,3.5625,18.2724609375,24,300.0,19.75,615.6630859375,45,2102.0,19.296875,567.396240234375,36,2026.0,18.546875,608.714599609375,42,2034.0,5.046875,44.036865234375,31,476.0,0
11,8.46875,107.9365234375,35,824.0,38.75,2390.90234375,44,4284.0,29.96875,1653.46875,44,3347.0,3.34375,18.0380859375,26,315.0,22.859375,990.429443359375,45,2569.0,21.4375,690.8427734375,35,2126.0,18.53125,595.3583984375,41,1985.0,5.9375,54.52734375,35,580.0,0
12,9.078125,133.605224609375,32,909.0,36.4375,2031.6875,41,3777.0,31.53125,1715.5849609375,40,3419.0,3.40625,17.18359375,22,275.0,25.96875,1249.3662109375,38,2789.0,20.453125,641.904052734375,37,2151.0,16.421875,507.454833984375,41,1779.0,6.5,67.24609375,39,651.0,0
13,7.953125,102.544677734375,31,776.0,32.828125,1657.710693359375,38,3451.0,30.328125,1569.898193359375,38,3076.0,4.390625,26.464599609375,24,366.0,26.5625,1141.890625,43,2948.0,16.046875,443.165771484375,32,1703.0,17.15625,636.484375,39,1899.0,6.640625,82.687255859375,37,692.0,0
14,8.640625,113.970458984375,35,867.0,31.234375,1603.308349609375,40,3412.0,27.703125,1377.384521484375,31,2628.0,4.40625,27.1787109375,28,394.0,21.234375,729.169677734375,42,2282.0,15.71875,420.7802734375,33,1596.0,18.046875,632.804443359375,34,1911.0,6.609375,77.685302734375,35,688.0,0
15,8.65625,120.9052734375,30,817.0,28.03125,1343.9365234375,41,3010.0,22.046875,875.841552734375,27,2081.0,3.546875,17.603271484375,26,303.0,18.25,556.59375,32,1693.0,16.15625,410.3740234375,38,1725.0,20.765625,803.128662109375,36,2208.0,6.671875,89.630615234375,34,672.0,0
16,8.03125,109.2568359375,36,821.0,28.40625,1357.6865234375,41,3104.0,22.5625,878.65234375,32,2222.0,3.359375,16.052490234375,25,275.0,22.984375,788.197021484375,35,2259.0,18.1875,540.953125,37,1935.0,23.65625,978.7099609375,40,2510.0,6.578125,87.732177734375,30,639.0,0
17,7.515625,102.646240234375,34,821.0,25.953125,1032.193115234375,39,2726.0,23.78125,1055.125,40,2497.0,3.421875,15.814208984375,26,288.0,22.484375,768.779052734375,41,2459.0,20.625,679.484375,39,2113.0,19.6875,683.02734375,39,2061.0,5.4375,46.7255859375,30,527.0,0
18,6.484375,75.122802734375,29,669.0,20.3125,628.9990234375,36,2139.0,24.953125,1173.831787109375,43,2653.0,3.390625,14.728271484375,34,335.0,18.640625,570.493896484375,43,2082.0,20.71875,661.21875,41,2134.0,19.78125,716.1552734375,37,2059.0,5.09375,43.046875,36,528.0,0
19,6.15625,59.58984375,34,597.0,20.8125,739.90234375,32,2091.0,24.90625,1032.8271484375,39,2603.0,2.96875,12.58984375,35,299.0,18.890625,621.683349609375,39,2031.0,18.390625,518.771240234375,37,1890.0,18.28125,557.578125,37,1849.0,5.078125,43.691162109375,29,503.0,0
20,6.515625,65.247802734375,36,607.0,26.09375,1056.65625,34,2506.0,22.71875,860.34375,36,2237.0,3.03125,13.2802734375,25,265.0,19.46875,676.953125,29,1955.0,16.15625,444.7724609375,37,1706.0,19.046875,652.554443359375,35,1993.0,5.25,52.6865234375,27,542.0,0
21,6.265625,59.068115234375,29,566.0,26.4375,1008.46484375,39,2699.0,23.828125,923.312255859375,45,2589.0,3.140625,13.991943359375,21,261.0,15.953125,429.234130859375,28,1479.0,16.140625,433.308349609375,35,1604.0,17.5,624.9052734375,33,1872.0,4.421875,42.878662109375,31,469.0,0
22,7.296875,82.140380859375,25,674.0,23.890625,811.560302734375,34,2493.0,24.65625,1019.234375,41,2681.0,3.140625,14.413818359375,21,250.0,16.6875,410.6005859375,33,1558.0,16.515625,433.075927734375,36,1618.0,13.078125,338.202880859375,37,1386.0,4.046875,31.894287109375,26,422.0,0
23,7.40625,87.68359375,33,749.0,26.5,970.3505859375,34,2656.0,24.296875,964.732177734375,35,2510.0,3.203125,15.505615234375,21,261.0,20.203125,589.523193359375,32,1929.0,15.84375,412.9208984375,35,1612.0,17.296875,503.814208984375,39,1684.0,4.6875,41.8896484375,30,518.0,0
24,7.4375,93.33984375,37,766.0,28.421875,1188.015380859375,39,2852.0,26.59375,1082.1083984375,36,2694.0,3.140625,15.915771484375,24,268.0,21.09375,774.5849609375,37,2237.0,18.765625,602.876708984375,32,1854.0,20.90625,638.2255859375,39,1945.0,5.671875,62.562255859375,30,591.0,0
25,9.4375,156.6708984375,34,965.0,33.109375,1734.773193359375,38,3343.0,32.078125,1703.466552734375,37,3433.0,3.1875,16.4208984375,23,277.0,21.203125,797.316162109375,41,2387.0,20.296875,709.032958984375,40,2176.0,21.921875,717.363037109375,43,2329.0,6.8125,79.3662109375,31,700.0,0
26,9.421875,172.390380859375,40,1015.0,35.4375,1974.3125,40,3744.0,34.53125,1853.93359375,39,3638.0,3.171875,15.806396484375,26,281.0,21.625,698.2724609375,36,2235.0,16.75,503.1240234375,43,1854.0,18.015625,552.253662109375,40,2013.0,6.1875,66.6396484375,35,610.0,0
27,10.1875,201.4990234375,39,1135.0,33.046875,1726.183349609375,44,3552.0,31.828125,1554.486083984375,33,3168.0,3.21875,17.09375,25,291.0,22.515625,768.519287109375,33,2147.0,17.1875,552.4521484375,41,1959.0,16.203125,451.892333984375,33,1592.0,6.25,71.109375,31,611.0,0
28,10.390625,192.031005859375,35,1145.0,32.265625,1594.345458984375,39,3288.0,33.4375,1747.78125,33,3413.0,3.78125,24.12109375,27,359.0,23.78125,946.2724609375,37,2430.0,21.375,803.875,36,2271.0,22.40625,784.515625,40,2337.0,6.703125,75.980224609375,28,689.0,0
29,8.1875,120.265625,34,872.0,28.71875,1246.96484375,33,2747.0,32.875,1610.390625,34,3208.0,3.71875,21.984375,30,351.0,21.3125,788.27734375,39,2214.0,22.828125,954.611083984375,35,2448.0,20.296875,692.294677734375,38,2085.0,6.5,71.0068359375,33,710.0,0
30,7.953125,106.890380859375,32,769.0,28.34375,1260.8974609375,32,2652.0,27.921875,1156.882568359375,34,2614.0,3.0625,13.6708984375,24,287.0,22.3125,878.2490234375,34,2219.0,18.453125,658.554443359375,35,1874.0,19.3125,670.71875,31,1890.0,6.484375,72.253662109375,32,681.0,0
31,8.6875,110.578125,32,856.0,34.640625,1809.441162109375,36,3451.0,30.3125,1423.5849609375,37,2931.0,3.84375,24.125,27,368.0,22.515625,896.427490234375,29,2165.0,21.65625,846.9208984375,34,2182.0,24.4375,1000.0771484375,35,2522.0,6.0625,63.6005859375,23,598.0,0
32,10.28125,156.4755859375,40,1089.0,38.703125,1989.947021484375,38,3997.0,30.171875,1456.111083984375,33,2912.0,4.359375,29.997802734375,33,414.0,22.125,894.8125,32,2188.0,29.46875,1348.6552734375,32,2834.0,28.0,1379.6474609375,42,3053.0,7.390625,88.171630859375,28,750.0,0
33,11.046875,194.603271484375,40,1127.0,39.40625,1976.21875,41,3843.0,30.796875,1594.947021484375,35,3038.0,3.703125,21.591552734375,30,338.0,27.125,1269.3505859375,39,2793.0,26.765625,1136.159912109375,36,2701.0,27.40625,1359.296875,46,3064.0,8.59375,120.53125,40,937.0,0
34,9.515625,168.027099609375,31,916.0,31.84375,1544.49609375,37,3009.0,33.046875,1917.335693359375,32,3246.0,3.4375,18.1474609375,26,296.0,22.53125,885.1474609375,42,2401.0,19.265625,815.493896484375,39,2143.0,18.578125,716.708740234375,41,1971.0,7.453125,108.935302734375,34,824.0,0
35,7.75,118.71484375,33,800.0,19.671875,768.880615234375,30,1921.0,36.140625,2120.259521484375,27,3197.0,3.359375,15.661865234375,26,312.0,14.515625,341.218505859375,37,1514.0,10.46875,383.8896484375,38,1021.0,8.6875,236.65234375,30,825.0,4.921875,61.884521484375,23,527.0,0
36,6.84375,89.8037109375,30,663.0,16.921875,513.343505859375,30,1732.0,43.734375,2795.800537109375,31,3992.0,3.09375,13.765625,28,312.0,13.8125,308.49609375,26,1270.0,5.625,48.8740234375,34,543.0,4.640625,41.107177734375,27,442.0,3.265625,18.128662109375,21,306.0,1
37,7.359375,97.394287109375,33,745.0,18.984375,663.337646484375,37,1939.0,43.40625,2861.6083984375,35,4406.0,2.890625,14.290771484375,27,308.0,14.671875,328.097412109375,31,1426.0,6.203125,57.911865234375,31,588.0,5.1875,40.2646484375,32,503.0,4.21875,27.4990234375,30,410.0,1
38,6.890625,83.169677734375,33,720.0,19.015625,699.501708984375,40,2045.0,42.546875,2697.271240234375,34,4521.0,3.09375,15.71484375,18,282.0,13.671875,282.366943359375,34,1298.0,6.125,56.6865234375,29,592.0,4.921875,40.454833984375,34,508.0,4.1875,29.2412109375,35,447.0,1
39,5.375,48.24609375,28,507.0,17.328125,524.781005859375,37,1921.0,44.828125,2840.802490234375,33,4486.0,3.0625,15.8349609375,17,264.0,14.46875,376.4755859375,34,1429.0,5.640625,48.218505859375,30,527.0,4.46875,32.96875,32,443.0,3.484375,18.335693359375,31,334.0,1
40,4.234375,24.950927734375,26,383.0,16.203125,435.525146484375,40,1794.0,39.484375,2331.521240234375,32,3744.0,2.671875,11.716552734375,24,243.0,15.59375,552.4755859375,35,1715.0,5.71875,68.3818359375,29,597.0,3.96875,24.65625,28,390.0,2.984375,12.527099609375,29,256.0,1
41,3.71875,19.27734375,23,321.0,14.828125,357.568115234375,46,1666.0,40.296875,2635.118896484375,33,4016.0,3.25,15.9912109375,31,314.0,14.046875,445.790771484375,40,1568.0,5.078125,61.032958984375,28,542.0,3.25,14.46875,27,300.0,2.640625,9.197021484375,27,230.0,1
42,4.09375,25.7724609375,30,398.0,14.0625,368.7724609375,43,1559.0,45.734375,3430.960693359375,34,4468.0,3.453125,17.173583984375,27,317.0,13.71875,283.6162109375,39,1406.0,4.125,28.1708984375,34,425.0,3.5625,18.99609375,34,346.0,3.109375,13.989990234375,33,319.0,1
43,4.859375,38.601318359375,30,467.0,13.875,373.3271484375,36,1508.0,41.703125,2823.892333984375,35,4239.0,2.8125,11.3818359375,19,223.0,15.484375,369.800537109375,32,1426.0,4.90625,37.05859375,34,480.0,4.0625,25.6083984375,31,369.0,3.765625,21.025146484375,35,381.0,1
44,4.703125,36.753662109375,33,462.0,12.890625,290.400146484375,32,1283.0,33.046875,1794.072021484375,32,3321.0,2.484375,9.501708984375,25,219.0,12.25,268.02734375,32,1164.0,4.4375,30.21484375,35,438.0,3.71875,24.0537109375,31,361.0,3.171875,16.685302734375,28,317.0,1
45,4.609375,31.749755859375,39,476.0,15.3125,447.53125,37,1526.0,32.90625,1891.21484375,31,3368.0,2.671875,10.546630859375,28,243.0,10.96875,216.71484375,34,1163.0,4.25,29.3349609375,36,456.0,3.765625,24.618896484375,35,395.0,3.078125,14.937255859375,30,323.0,1
46,4.71875,34.421875,36,492.0,15.78125,443.8427734375,36,1517.0,39.671875,2512.749755859375,38,4136.0,3.28125,16.21484375,28,288.0,13.03125,257.46484375,38,1339.0,5.15625,43.7255859375,35,562.0,4.5625,32.375,38,490.0,3.609375,20.361083984375,38,399.0,1
47,4.390625,31.968505859375,36,493.0,14.15625,284.59375,36,1358.0,38.59375,2366.68359375,39,3974.0,3.046875,14.417724609375,33,268.0,12.21875,223.203125,39,1188.0,4.5625,33.43359375,33,477.0,4.28125,28.890625,36,454.0,3.078125,16.337646484375,34,340.0,1
48,4.421875,32.872802734375,28,466.0,14.140625,291.839599609375,40,1494.0,39.046875,2438.720458984375,32,3688.0,2.703125,10.900146484375,29,234.0,11.484375,209.239990234375,38,1131.0,4.40625,26.5380859375,37,451.0,3.640625,20.745849609375,30,352.0,2.578125,11.800537109375,25,271.0,1
49,4.53125,37.6708984375,29,458.0,13.125,255.6787109375,33,1313.0,39.75,2495.4130859375,31,3617.0,3.40625,17.90234375,32,310.0,11.328125,204.892333984375,34,1184.0,4.8125,32.68359375,37,507.0,3.71875,22.83984375,31,388.0,2.96875,18.375,29,342.0,1
50,5.40625,46.2568359375,34,519.0,18.21875,526.484375,33,1829.0,37.0625,2304.6552734375,39,3583.0,3.625,17.8125,34,320.0,12.234375,254.200927734375,33,1259.0,5.375,41.3505859375,32,523.0,4.421875,33.046630859375,38,478.0,3.546875,22.906005859375,33,364.0,1
51,6.609375,66.077880859375,35,661.0,20.421875,660.197021484375,36,2076.0,37.28125,2231.15234375,38,3613.0,3.5,17.765625,26,282.0,13.34375,287.640625,37,1342.0,5.515625,44.144287109375,32,520.0,4.75,36.3115234375,36,493.0,3.65625,23.1865234375,31,357.0,1
52,5.96875,59.4375,37,613.0,18.578125,638.472412109375,36,1941.0,40.0625,2611.6630859375,37,4096.0,3.953125,22.777099609375,26,344.0,11.734375,221.995849609375,42,1235.0,4.90625,37.140625,35,495.0,4.71875,36.8583984375,31,462.0,3.296875,18.806396484375,27,326.0,1
53,5.515625,48.382568359375,34,579.0,17.84375,613.78125,39,1990.0,39.78125,2655.87109375,40,4381.0,3.484375,17.722412109375,27,332.0,10.265625,184.978271484375,37,1140.0,4.171875,26.113037109375,31,421.0,4.984375,39.116943359375,32,494.0,3.171875,15.482177734375,25,334.0,1
54,5.984375,59.052490234375,35,659.0,17.171875,538.312255859375,39,1844.0,37.75,2249.6875,35,3960.0,2.75,11.765625,28,256.0,12.65625,271.2412109375,30,1278.0,4.453125,34.605224609375,25,447.0,4.625,33.7099609375,35,469.0,3.34375,16.24609375,28,327.0,1
55,5.78125,54.5224609375,36,638.0,15.734375,454.779052734375,35,1632.0,37.21875,2107.1708984375,39,4064.0,3.125,13.390625,27,268.0,12.296875,231.614990234375,40,1221.0,4.875,38.9990234375,28,488.0,3.9375,26.125,31,374.0,3.046875,13.923583984375,31,315.0,1
56,5.390625,43.812255859375,32,564.0,15.25,370.02734375,31,1500.0,47.0625,3301.4052734375,43,5237.0,3.625,19.796875,26,368.0,10.890625,160.747802734375,43,1097.0,4.75,34.99609375,29,475.0,4.1875,28.578125,33,413.0,3.140625,16.693115234375,31,350.0,1
57,5.53125,51.40234375,34,586.0,15.5625,373.27734375,32,1396.0,58.796875,4797.437255859375,46,6365.0,3.265625,17.376708984375,25,346.0,11.890625,204.816162109375,33,1113.0,4.546875,36.845458984375,28,456.0,4.53125,36.4521484375,31,466.0,3.40625,20.6240234375,40,388.0,1
58,5.921875,61.130615234375,33,613.0,13.84375,299.8349609375,38,1351.0,55.46875,4350.703125,48,6240.0,2.765625,12.671630859375,24,271.0,11.984375,211.226318359375,36,1179.0,4.171875,30.214599609375,31,420.0,4.703125,39.474365234375,27,483.0,3.265625,18.689208984375,35,353.0,1
59,5.390625,51.515380859375,25,531.0,16.359375,467.880615234375,38,1734.0,51.84375,3614.05859375,41,5595.0,2.96875,14.58984375,27,287.0,12.4375,236.5380859375,43,1237.0,4.484375,31.019287109375,35,456.0,4.65625,32.8125,34,468.0,3.0625,15.765625,26,315.0,1
60,5.15625,45.265625,28,514.0,18.703125,608.503662109375,41,2037.0,44.953125,2742.739990234375,41,4554.0,3.734375,19.159912109375,25,303.0,12.75,258.078125,40,1267.0,4.390625,31.284912109375,31,447.0,4.109375,29.140380859375,34,433.0,2.875,15.2646484375,26,297.0,1
61,5.9375,57.0068359375,32,574.0,17.0625,489.8740234375,42,1754.0,34.984375,1883.978271484375,42,3828.0,3.71875,17.828125,29,313.0,12.40625,260.52734375,35,1209.0,4.546875,35.300537109375,26,471.0,4.0625,29.74609375,39,469.0,3.453125,24.749755859375,34,388.0,1
62,6.484375,67.427490234375,32,639.0,15.28125,359.71875,34,1384.0,34.953125,2148.841552734375,39,3845.0,2.96875,12.9052734375,30,273.0,13.765625,335.341552734375,38,1359.0,5.53125,48.8974609375,36,599.0,5.28125,47.1318359375,45,599.0,4.0625,33.4052734375,36,455.0,1
63,6.328125,62.161865234375,34,639.0,16.296875,390.474365234375,32,1451.0,35.78125,2146.62109375,33,3499.0,2.9375,14.0224609375,24,266.0,12.78125,266.9443359375,40,1239.0,5.6875,48.80859375,41,613.0,5.640625,51.163818359375,40,619.0,4.046875,29.292724609375,31,419.0,1
64,6.328125,76.747802734375,37,683.0,16.125,461.1875,34,1575.0,36.109375,2266.657958984375,28,3249.0,3.15625,15.2802734375,19,268.0,11.46875,223.96875,33,1075.0,4.9375,36.4375,38,480.0,5.28125,39.58984375,34,495.0,3.984375,27.245849609375,28,417.0,1
65,7.078125,111.611083984375,34,787.0,13.96875,368.8974609375,36,1409.0,33.59375,2060.7724609375,33,3383.0,2.921875,12.103271484375,23,263.0,10.9375,225.33984375,35,1110.0,7.625,200.3349609375,31,735.0,5.90625,76.4365234375,32,588.0,6.15625,117.546875,28,647.0,1
66,20.25,1305.4990234375,28,2069.0,16.75,436.5224609375,37,1641.0,19.15625,775.125,36,1972.0,2.59375,10.2490234375,24,228.0,11.171875,259.488037109375,36,1174.0,18.78125,679.1875,28,1678.0,11.671875,331.407958984375,35,1306.0,22.515625,1099.394287109375,36,2266.0,1
67,29.53125,1854.9052734375,34,2869.0,18.40625,616.2880859375,37,1956.0,8.40625,135.4599609375,29,857.0,2.484375,9.681396484375,22,207.0,11.9375,301.02734375,36,1283.0,30.953125,1425.728271484375,37,3043.0,18.3125,583.4912109375,38,1944.0,35.1875,1938.53125,41,3686.0,2
68,27.9375,1337.3271484375,41,2817.0,16.421875,550.294677734375,40,1702.0,8.640625,129.425537109375,26,818.0,2.5625,10.08984375,24,222.0,9.09375,156.96875,26,877.0,31.9375,1698.7490234375,36,3366.0,22.75,881.6083984375,31,2219.0,42.65625,2820.62109375,40,4550.0,2
69,33.65625,1992.2255859375,35,3596.0,21.015625,840.132568359375,42,2089.0,10.625,175.6552734375,34,1027.0,2.640625,10.558349609375,25,215.0,9.078125,141.466552734375,26,880.0,29.625,1497.359375,33,3106.0,22.25,853.68359375,36,2244.0,43.515625,2945.630615234375,35,4307.0,2
70,33.046875,2002.243896484375,29,3298.0,23.375,1083.1552734375,43,2485.0,11.921875,224.833740234375,33,1091.0,2.765625,10.921630859375,23,209.0,10.46875,189.3505859375,33,1085.0,29.96875,1436.4375,34,2999.0,22.78125,797.40234375,34,2123.0,37.703125,2335.669677734375,27,3186.0,2
71,27.71875,1496.390625,32,2819.0,15.359375,561.907958984375,38,1627.0,11.921875,233.298583984375,33,1188.0,2.828125,10.878662109375,25,251.0,9.484375,158.747802734375,36,962.0,26.828125,1224.327880859375,30,2567.0,26.25,1048.2333984375,34,2614.0,45.0625,3012.75,28,3986.0,2
72,22.921875,1106.064208984375,34,2515.0,9.8125,174.62109375,31,1006.0,10.578125,178.888427734375,40,1105.0,2.625,10.15234375,21,237.0,10.140625,183.718505859375,37,1048.0,24.8125,1020.390625,32,2454.0,33.59375,1788.1083984375,41,3810.0,50.4375,3640.55859375,39,5177.0,2
73,15.5,460.8427734375,32,1549.0,8.421875,130.066162109375,32,910.0,9.890625,156.927490234375,45,1026.0,2.546875,8.675537109375,18,211.0,10.328125,184.999755859375,33,1043.0,21.546875,756.509521484375,37,2166.0,36.1875,2086.0625,34,3995.0,40.359375,2584.763427734375,38,4168.0,2
74,15.390625,399.120849609375,39,1584.0,7.59375,98.71484375,37,798.0,12.453125,261.849365234375,43,1326.0,3.109375,13.939208984375,23,270.0,9.796875,168.986083984375,36,1027.0,19.46875,589.84375,36,1894.0,28.484375,1431.702880859375,32,2954.0,35.0,1879.2021484375,35,3494.0,2
75,14.71875,383.171875,42,1593.0,8.359375,101.722412109375,36,786.0,13.859375,312.425537109375,34,1443.0,3.40625,17.99609375,30,334.0,10.34375,185.4599609375,40,1117.0,29.296875,1526.620849609375,33,2840.0,31.28125,1586.59375,36,3069.0,45.546875,3191.011474609375,34,4436.0,2
76,24.671875,1344.282958984375,38,2470.0,12.546875,302.409912109375,35,1285.0,11.9375,216.96875,27,1084.0,3.296875,16.072021484375,30,319.0,10.046875,161.700927734375,39,1051.0,29.15625,1687.359375,29,2828.0,34.96875,1987.6005859375,33,3339.0,48.1875,3389.3125,32,4449.0,2
77,31.953125,1879.646240234375,37,3285.0,13.609375,347.478271484375,39,1432.0,11.0,165.83984375,32,1028.0,3.125,14.4990234375,22,281.0,8.78125,136.484375,36,913.0,25.34375,1231.875,34,2639.0,33.140625,1848.999755859375,33,3261.0,45.5,3047.30859375,37,4754.0,2
78,19.28125,790.8271484375,37,2098.0,8.859375,125.685302734375,38,872.0,11.234375,193.525146484375,36,1153.0,2.859375,12.361083984375,23,252.0,8.953125,131.710693359375,33,931.0,30.6875,1512.2490234375,40,3143.0,28.640625,1394.945068359375,38,3017.0,39.890625,2600.374755859375,36,4237.0,2
79,11.5,228.265625,38,1214.0,6.296875,58.909912109375,37,649.0,11.171875,201.659912109375,34,1069.0,2.546875,10.667724609375,25,242.0,10.625,164.1865234375,39,1103.0,27.578125,1152.640380859375,37,2669.0,26.0,1209.3115234375,37,2882.0,36.265625,2090.001708984375,43,3869.0,2
80,8.140625,103.175537109375,32,833.0,5.671875,51.726318359375,37,587.0,11.171875,190.702880859375,36,1077.0,2.5,9.8115234375,24,223.0,9.5,133.7099609375,35,911.0,23.53125,927.96484375,35,2240.0,24.703125,1055.573974609375,39,2607.0,32.125,1693.6083984375,38,3379.0,2
81,5.65625,53.46875,24,566.0,4.921875,37.495849609375,30,439.0,11.09375,207.96484375,37,1124.0,2.5625,10.3505859375,24,229.0,7.859375,100.763427734375,28,717.0,25.59375,1093.4287109375,34,2512.0,17.625,540.890625,42,1801.0,28.671875,1416.730224609375,32,2914.0,2
82,6.109375,64.929443359375,30,621.0,4.0,21.09375,27,338.0,10.609375,207.320068359375,36,1112.0,2.421875,9.007568359375,27,238.0,9.390625,153.197021484375,38,988.0,20.28125,696.58984375,36,2041.0,13.84375,327.71875,38,1473.0,29.828125,1559.335693359375,32,2819.0,2
83,6.3125,70.3193359375,32,658.0,3.640625,19.032958984375,28,339.0,9.75,170.2880859375,37,1057.0,2.5,8.99609375,26,228.0,10.96875,179.0615234375,43,1204.0,15.8125,455.5068359375,32,1515.0,13.9375,338.296875,35,1468.0,27.96875,1384.58984375,32,2614.0,2
84,5.171875,46.853271484375,28,504.0,3.75,20.30859375,25,299.0,10.984375,195.550537109375,42,1212.0,2.421875,8.171630859375,20,205.0,9.640625,144.095458984375,39,999.0,17.953125,551.632568359375,31,1724.0,14.65625,334.7021484375,37,1398.0,26.796875,1234.956787109375,30,2453.0,2
85,5.03125,41.1005859375,28,444.0,3.921875,23.950927734375,25,338.0,12.671875,281.265380859375,42,1444.0,2.34375,7.6318359375,26,207.0,7.390625,95.948974609375,31,739.0,17.375,483.5537109375,36,1746.0,13.828125,312.515380859375,33,1293.0,24.1875,946.25,30,2184.0,2
86,4.65625,32.18359375,36,469.0,3.703125,22.046630859375,27,375.0,11.40625,241.3037109375,37,1229.0,2.359375,7.816162109375,22,210.0,6.734375,76.107177734375,30,646.0,18.3125,572.0224609375,34,1777.0,11.09375,213.90625,31,1111.0,22.859375,835.937255859375,38,2367.0,2
87,4.765625,38.132568359375,34,489.0,3.53125,18.74609375,26,339.0,11.28125,200.3125,37,1168.0,2.1875,5.7255859375,15,170.0,7.828125,99.072021484375,36,797.0,18.078125,636.736083984375,36,1813.0,11.703125,224.919677734375,34,1211.0,27.765625,1258.017333984375,34,2837.0,2
88,4.734375,39.532958984375,28,455.0,3.4375,18.9599609375,25,301.0,11.515625,207.501708984375,39,1219.0,2.25,6.80859375,25,195.0,8.359375,118.788818359375,40,887.0,15.0,427.05859375,34,1455.0,11.75,219.953125,33,1149.0,27.625,1239.9833984375,36,2828.0,2
89,3.84375,23.71484375,29,356.0,3.25,15.7099609375,29,274.0,11.171875,195.575927734375,33,1110.0,2.203125,6.421630859375,27,198.0,8.90625,153.125,36,980.0,15.953125,502.808349609375,33,1490.0,11.484375,190.966552734375,38,1168.0,17.53125,545.9677734375,35,1633.0,2
90,3.171875,16.058349609375,31,333.0,2.859375,11.829833984375,31,267.0,12.484375,249.417724609375,29,1119.0,2.3125,7.171875,26,190.0,9.140625,146.089599609375,36,1019.0,16.90625,543.71484375,36,1726.0,15.15625,425.8193359375,47,1701.0,15.59375,419.52734375,34,1341.0,2
91,3.34375,17.1943359375,29,321.0,3.0,12.2724609375,28,278.0,13.453125,267.529052734375,39,1329.0,2.78125,9.83984375,24,212.0,7.75,100.83984375,37,820.0,14.59375,360.8583984375,36,1499.0,16.421875,499.439208984375,44,1771.0,19.109375,552.818115234375,34,1645.0,2
92,4.21875,27.7724609375,29,427.0,3.5,17.125,29,318.0,15.046875,364.302490234375,37,1526.0,2.65625,8.7802734375,22,190.0,8.390625,120.445068359375,36,900.0,16.3125,513.02734375,34,1688.0,14.640625,367.200927734375,38,1487.0,19.671875,608.558349609375,35,1857.0,2
93,5.0625,38.30859375,32,509.0,3.921875,29.019287109375,31,397.0,14.75,379.7802734375,40,1586.0,2.734375,10.771240234375,25,220.0,9.65625,142.9287109375,44,1075.0,20.15625,760.78125,42,2261.0,16.515625,448.091552734375,32,1601.0,23.09375,837.375,38,2367.0,2
94,5.046875,36.142333984375,33,463.0,4.34375,32.02734375,27,389.0,14.03125,333.2490234375,41,1540.0,2.96875,12.9443359375,27,283.0,10.84375,186.6552734375,39,1092.0,19.71875,692.328125,38,2034.0,18.328125,490.759521484375,35,1841.0,32.5625,1761.7958984375,37,3357.0,2
95,4.796875,37.029052734375,27,439.0,4.6875,34.43359375,24,399.0,13.171875,273.638427734375,32,1209.0,2.78125,11.28125,26,257.0,9.765625,164.993896484375,32,954.0,16.578125,486.948974609375,32,1525.0,17.578125,459.847412109375,40,1754.0,34.234375,1968.349365234375,40,3651.0,2
96,4.953125,38.784912109375,30,485.0,4.625,33.65234375,27,426.0,14.953125,460.267333984375,32,1491.0,2.734375,10.673583984375,23,207.0,7.9375,101.4912109375,29,716.0,17.234375,564.661865234375,40,1801.0,16.140625,413.486083984375,34,1604.0,25.515625,1017.425537109375,39,2640.0,2
97,7.234375,108.218505859375,31,698.0,10.671875,372.159912109375,29,1077.0,29.96875,1804.46484375,33,2903.0,12.890625,553.003662109375,29,1151.0,12.09375,258.8818359375,27,1058.0,16.28125,498.18359375,40,1753.0,10.796875,231.294677734375,31,1081.0,20.140625,657.456787109375,36,2047.0,2
98,13.78125,337.1787109375,35,1418.0,24.453125,1139.304443359375,30,2582.0,45.390625,3226.802490234375,38,4384.0,28.5625,1498.640625,32,2754.0,20.453125,762.077880859375,35,2016.0,14.328125,363.243896484375,36,1545.0,7.390625,108.714599609375,31,762.0,19.15625,619.9052734375,36,1976.0,2
99,16.171875,447.251708984375,41,1772.0,31.359375,1568.370849609375,36,3201.0,51.96875,3700.84375,37,4625.0,36.734375,2271.702880859375,34,3845.0,24.609375,987.007568359375,32,2380.0,14.390625,349.970458984375,34,1471.0,8.5,112.5146484375,29,822.0,24.953125,1086.923583984375,38,2476.0,3
100,12.765625,314.855224609375,35,1310.0,27.6875,1264.3125,38,2707.0,53.5625,4105.5849609375,30,4651.0,36.53125,2149.0146484375,33,3819.0,20.75,654.4130859375,26,1842.0,12.375,222.12109375,32,1136.0,8.484375,114.493896484375,29,786.0,31.25,1690.5380859375,34,3058.0,3
101,13.1875,283.80859375,37,1369.0,27.125,1254.2099609375,45,2993.0,54.640625,4211.538818359375,28,4611.0,33.28125,1693.43359375,32,3051.0,21.359375,696.445068359375,37,2161.0,12.453125,230.654052734375,33,1124.0,9.8125,171.6162109375,31,1008.0,29.75,1447.6708984375,33,3017.0,3
102,13.75,297.296875,33,1384.0,24.53125,1108.1943359375,44,2790.0,55.46875,4230.3271484375,31,4670.0,27.421875,1245.101318359375,33,2247.0,19.578125,630.702880859375,37,2040.0,12.890625,261.634521484375,29,1124.0,11.40625,216.77734375,37,1228.0,33.046875,1617.423583984375,38,3293.0,3
103,16.0,435.12109375,35,1604.0,31.015625,1874.782958984375,39,3446.0,58.234375,4653.900146484375,35,5398.0,22.9375,879.37109375,34,1996.0,20.0625,834.33984375,36,2193.0,13.046875,329.148193359375,34,1298.0,11.25,207.40234375,38,1120.0,33.953125,1634.741943359375,35,2916.0,3
104,15.953125,447.853271484375,39,1662.0,34.125,2079.0927734375,38,3659.0,58.59375,4677.4755859375,35,5462.0,21.546875,817.052490234375,37,2196.0,21.171875,947.759521484375,36,2329.0,12.21875,306.6708984375,41,1363.0,12.9375,336.12109375,38,1366.0,28.53125,1180.8125,38,2653.0,3
105,12.359375,254.536865234375,34,1175.0,23.359375,900.864990234375,37,2257.0,53.421875,3998.771240234375,36,5066.0,20.25,672.52734375,30,1863.0,15.96875,470.62109375,32,1542.0,9.015625,145.843505859375,36,904.0,13.390625,352.318115234375,36,1426.0,25.828125,1052.404052734375,38,2589.0,3
106,11.28125,188.2802734375,39,1121.0,19.578125,646.218505859375,39,1999.0,51.953125,3813.886474609375,39,5198.0,22.296875,805.021240234375,27,1930.0,13.96875,346.71484375,37,1443.0,8.4375,115.65234375,31,774.0,11.328125,203.288818359375,36,1214.0,29.328125,1469.458740234375,37,3049.0,3
107,9.453125,143.165771484375,39,1020.0,18.96875,637.125,36,1959.0,56.65625,4585.5224609375,38,5625.0,23.15625,896.8037109375,34,2196.0,13.671875,350.923583984375,36,1447.0,8.71875,113.5146484375,34,800.0,11.546875,204.470458984375,36,1197.0,30.015625,1599.734130859375,42,3197.0,3
108,8.015625,103.386474609375,37,833.0,17.5,509.4599609375,38,1752.0,53.9375,4284.65234375,36,5197.0,21.953125,792.843505859375,31,2073.0,14.375,359.828125,37,1459.0,7.65625,91.859375,35,685.0,11.09375,221.9052734375,37,1150.0,22.203125,916.902099609375,41,2310.0,3
109,7.578125,81.892333984375,32,717.0,17.46875,479.7646484375,33,1723.0,50.171875,3734.364990234375,35,4876.0,20.140625,638.657958984375,22,1601.0,13.46875,278.3037109375,35,1345.0,7.5625,87.421875,33,716.0,10.359375,191.704833984375,43,1170.0,26.1875,1434.3818359375,35,2656.0,3
110,8.546875,111.536865234375,33,885.0,17.953125,544.441162109375,33,1912.0,53.578125,4000.396240234375,36,5592.0,19.296875,590.021240234375,25,1512.0,14.640625,360.427490234375,35,1479.0,8.8125,120.49609375,35,896.0,10.140625,152.837646484375,43,1161.0,33.140625,2141.921630859375,36,3496.0,3
111,10.203125,156.636474609375,37,1120.0,19.140625,635.093505859375,41,2152.0,50.90625,3786.4599609375,35,5258.0,19.625,629.0068359375,29,1827.0,14.40625,367.359375,39,1505.0,8.5625,115.55859375,41,919.0,10.125,168.3115234375,35,1105.0,39.03125,2765.859375,43,4470.0,3
112,9.46875,141.1083984375,35,989.0,20.40625,714.4208984375,40,2215.0,48.15625,3454.9599609375,35,4650.0,20.578125,740.341552734375,25,1868.0,14.875,378.27734375,35,1571.0,7.9375,96.5537109375,40,857.0,10.125,191.390625,37,1072.0,37.171875,2354.198974609375,47,4224.0,3
113,8.296875,120.495849609375,31,844.0,15.4375,450.6875,37,1604.0,50.734375,3483.144287109375,37,5073.0,17.8125,604.140625,29,1700.0,16.390625,424.753662109375,36,1721.0,7.328125,82.583740234375,41,806.0,10.9375,203.71875,43,1255.0,32.6875,1609.9990234375,37,3294.0,3
114,9.828125,157.304443359375,32,994.0,15.390625,451.843505859375,42,1639.0,52.0625,3942.6943359375,39,5186.0,15.953125,500.527099609375,32,1654.0,14.75,345.0771484375,40,1503.0,7.5625,89.59375,42,844.0,9.875,152.625,36,1051.0,33.515625,1955.618896484375,32,3350.0,3
115,9.265625,136.984130859375,32,931.0,18.25,604.71875,44,1986.0,50.828125,3931.718505859375,36,4849.0,17.515625,573.341552734375,37,1842.0,12.015625,257.616943359375,37,1200.0,7.359375,93.431396484375,39,777.0,7.28125,75.546875,37,705.0,29.25,1587.6865234375,31,2837.0,3
116,9.140625,177.907958984375,33,987.0,20.21875,791.21484375,38,2202.0,48.5625,3330.24609375,37,4545.0,19.265625,616.626708984375,39,2005.0,13.890625,408.613037109375,32,1391.0,7.1875,94.9052734375,37,728.0,8.015625,111.470458984375,40,829.0,29.046875,1454.396240234375,32,2823.0,3
117,10.125,221.2958984375,33,1089.0,18.8125,737.9755859375,34,1973.0,39.875,2296.65234375,38,3623.0,20.90625,725.6552734375,37,2149.0,14.703125,418.847412109375,34,1446.0,7.140625,96.984130859375,34,742.0,11.171875,214.159912109375,38,1213.0,33.53125,1782.984375,36,3376.0,3
118,8.65625,132.99609375,32,863.0,15.390625,416.038818359375,36,1513.0,41.8125,2609.40234375,32,3859.0,19.609375,694.628662109375,34,2017.0,12.125,211.18359375,36,1195.0,5.671875,73.318115234375,28,602.0,12.1875,233.2021484375,35,1284.0,28.25,1335.6787109375,34,2747.0,3
119,7.734375,87.810302734375,33,747.0,16.53125,445.0,38,1707.0,46.96875,3440.5302734375,35,4671.0,18.140625,610.513427734375,30,1717.0,11.34375,176.40625,31,1052.0,5.828125,67.456787109375,23,551.0,10.3125,169.640625,39,1100.0,25.921875,1255.210693359375,38,2680.0,3
120,7.9375,108.0537109375,32,783.0,18.09375,553.5625,32,1776.0,48.5625,3656.4443359375,38,4833.0,22.71875,859.2255859375,30,2119.0,11.53125,216.4375,29,1035.0,7.0625,84.890625,27,652.0,10.5625,168.8271484375,44,1163.0,34.265625,1996.681396484375,42,3547.0,3
121,8.1875,119.4990234375,26,763.0,16.9375,461.9052734375,29,1555.0,48.640625,3493.564208984375,36,4554.0,22.390625,858.218505859375,39,2305.0,14.078125,339.398193359375,29,1276.0,7.640625,119.720458984375,24,656.0,11.3125,195.171875,37,1168.0,34.140625,1882.382568359375,39,3542.0,3
122,8.6875,126.515625,31,835.0,16.8125,423.2177734375,34,1562.0,45.0625,3193.859375,40,4485.0,17.015625,561.128662109375,36,1885.0,15.296875,368.003662109375,33,1445.0,7.296875,108.284912109375,26,649.0,9.21875,139.875,33,887.0,32.046875,1496.611083984375,40,3530.0,3
123,10.640625,180.923583984375,38,1149.0,20.28125,601.4287109375,39,2138.0,47.0625,3608.8505859375,41,5110.0,14.859375,446.757568359375,31,1524.0,14.046875,339.972412109375,33,1482.0,7.15625,87.21484375,29,708.0,9.25,155.875,34,941.0,35.828125,1945.654052734375,40,3715.0,3
124,11.65625,210.703125,35,1234.0,21.984375,723.101318359375,42,2373.0,51.84375,3951.5693359375,42,5496.0,16.125,458.5146484375,35,1540.0,13.765625,343.759521484375,37,1488.0,7.265625,85.281005859375,31,715.0,11.140625,215.372802734375,35,1149.0,37.03125,2061.55859375,38,3647.0,3
125,9.640625,146.566162109375,33,988.0,21.234375,712.269287109375,41,2277.0,53.53125,4023.9521484375,39,5204.0,21.34375,709.1162109375,25,1767.0,16.125,401.3974609375,40,1735.0,7.5,75.7568359375,36,716.0,9.046875,147.226318359375,33,896.0,31.671875,1477.702880859375,37,2998.0,3
126,10.859375,213.556396484375,34,1112.0,22.859375,859.732177734375,40,2450.0,51.25,3818.46484375,33,4599.0,22.484375,767.771240234375,30,1921.0,18.9375,556.375,37,1971.0,9.46875,144.1474609375,33,911.0,9.359375,157.374755859375,35,944.0,31.09375,1572.1630859375,35,3105.0,3
127,12.421875,257.183349609375,33,1261.0,22.703125,860.888427734375,33,2364.0,51.953125,3930.263427734375,35,4838.0,24.734375,838.122802734375,40,2375.0,19.1875,544.0537109375,34,1754.0,9.21875,148.4130859375,32,891.0,10.421875,179.118896484375,35,1089.0,31.25,1719.0458984375,30,3193.0,3
128,9.453125,135.960693359375,31,907.0,17.796875,543.337646484375,29,1844.0,53.0625,4252.640625,36,5435.0,24.90625,914.109375,36,2443.0,17.015625,441.890380859375,38,1594.0,7.3125,90.49609375,36,735.0,8.78125,141.1474609375,37,971.0,29.1875,1510.46484375,35,3084.0,3
129,7.8125,105.37109375,37,770.0,16.484375,477.456787109375,35,1721.0,49.625,3728.109375,35,5081.0,13.671875,472.689208984375,28,1288.0,16.03125,457.3037109375,41,1656.0,10.125,170.2958984375,38,1057.0,12.390625,339.015380859375,38,1443.0,21.546875,894.318115234375,37,2231.0,3
130,6.421875,80.292724609375,39,701.0,15.125,392.3896484375,38,1500.0,47.546875,3161.019287109375,38,4735.0,4.28125,58.9052734375,28,368.0,13.3125,312.96875,37,1279.0,11.421875,198.187255859375,38,1171.0,14.796875,412.308349609375,39,1752.0,11.9375,253.8427734375,27,1155.0,3
131,5.265625,49.023193359375,32,567.0,12.796875,267.443115234375,33,1264.0,43.796875,2674.775146484375,39,4260.0,3.390625,15.603271484375,35,312.0,10.265625,176.126708984375,38,1077.0,9.09375,134.4052734375,35,924.0,10.078125,182.890380859375,37,1138.0,10.515625,228.312255859375,25,1010.0,4
132,5.6875,55.93359375,31,625.0,12.8125,289.6240234375,34,1365.0,44.53125,3032.3974609375,37,4825.0,3.3125,15.12109375,34,332.0,12.140625,305.835693359375,36,1351.0,12.015625,298.753662109375,36,1129.0,8.40625,105.1474609375,31,810.0,11.1875,235.9130859375,34,1171.0,4
133,5.875,56.93359375,34,619.0,12.015625,234.284912109375,40,1257.0,47.21875,3346.3115234375,39,5135.0,2.96875,12.546875,26,284.0,13.4375,345.2021484375,31,1379.0,12.71875,306.21484375,35,1121.0,9.453125,153.073974609375,34,944.0,13.921875,323.142333984375,41,1528.0,4
134,4.921875,41.929443359375,32,482.0,10.046875,154.114990234375,37,962.0,43.671875,2753.753662109375,43,4497.0,3.28125,14.7646484375,28,303.0,10.953125,195.698974609375,31,997.0,8.28125,109.24609375,35,843.0,8.359375,138.993896484375,36,875.0,13.078125,276.034912109375,42,1355.0,4
135,4.96875,41.6474609375,31,472.0,10.375,187.25,38,1105.0,45.265625,2971.294677734375,44,4795.0,3.515625,15.878662109375,39,354.0,10.953125,195.927490234375,38,1091.0,8.734375,141.626708984375,29,878.0,7.921875,103.734130859375,40,865.0,11.421875,228.583740234375,39,1243.0,4
136,6.09375,58.2646484375,33,602.0,12.0625,270.1162109375,36,1356.0,48.90625,3329.5458984375,42,5016.0,3.3125,15.0224609375,36,322.0,11.21875,212.49609375,40,1155.0,10.15625,185.9833984375,30,986.0,9.359375,126.788818359375,37,928.0,11.796875,250.970458984375,40,1322.0,4
137,5.5625,46.96484375,31,557.0,11.109375,219.538818359375,35,1202.0,45.25,2863.6162109375,37,4174.0,2.9375,12.7412109375,26,272.0,10.453125,191.081787109375,39,1096.0,10.625,206.90625,37,1106.0,10.390625,193.003662109375,30,985.0,11.125,205.4755859375,35,1171.0,4
138,6.6875,76.8271484375,33,695.0,14.0625,339.671875,41,1480.0,46.15625,3071.25,35,4157.0,2.9375,13.4677734375,24,263.0,11.8125,265.9755859375,39,1299.0,12.6875,293.9912109375,42,1460.0,9.859375,184.700927734375,38,1057.0,13.578125,338.007568359375,30,1360.0,4
139,6.578125,79.398193359375,34,696.0,13.953125,341.124755859375,42,1494.0,45.953125,3218.347412109375,30,4289.0,3.140625,17.771240234375,23,258.0,10.640625,220.988037109375,36,1147.0,11.734375,258.779052734375,42,1369.0,9.21875,138.8115234375,42,953.0,14.59375,390.5146484375,34,1436.0,4
140,4.625,36.6552734375,27,464.0,10.34375,166.77734375,38,1067.0,41.421875,2735.384521484375,29,3840.0,3.5,18.9052734375,27,316.0,9.484375,151.136474609375,33,989.0,8.84375,139.6552734375,39,1004.0,9.265625,146.245849609375,35,912.0,13.703125,347.593505859375,35,1416.0,4
141,5.1875,49.5,28,514.0,11.203125,211.411865234375,38,1093.0,40.171875,2353.605224609375,35,3770.0,3.25,15.53125,27,296.0,10.34375,165.96484375,34,1043.0,8.140625,134.224365234375,29,815.0,9.890625,157.376708984375,35,1015.0,16.28125,510.93359375,36,1759.0,4
142,4.984375,44.945068359375,35,482.0,9.765625,175.837646484375,36,920.0,40.65625,2472.703125,34,3840.0,2.921875,14.269287109375,23,261.0,9.453125,129.923583984375,34,880.0,8.796875,164.156005859375,32,860.0,9.265625,148.228271484375,38,957.0,15.546875,470.382568359375,34,1598.0,4
143,4.03125,26.7880859375,34,381.0,7.328125,100.503662109375,37,755.0,35.890625,2138.825927734375,38,3591.0,2.59375,11.4521484375,22,233.0,8.453125,110.185302734375,37,848.0,7.65625,113.58984375,29,694.0,7.65625,103.5693359375,34,786.0,12.078125,274.593505859375,35,1207.0,4
144,4.25,29.578125,29,368.0,6.796875,83.898193359375,34,661.0,31.859375,1590.745849609375,41,3488.0,2.671875,10.093505859375,22,240.0,8.5,139.109375,40,884.0,6.671875,88.681396484375,24,598.0,6.625,73.34375,28,662.0,12.59375,327.46484375,32,1247.0,4
145,4.1875,26.5458984375,28,386.0,7.03125,79.24609375,27,653.0,31.765625,1537.843505859375,39,3349.0,3.390625,16.702880859375,28,315.0,7.640625,122.019287109375,35,782.0,7.21875,122.83984375,27,757.0,6.6875,74.96484375,28,630.0,10.21875,239.9052734375,32,1003.0,4
146,3.59375,21.3427734375,23,333.0,5.984375,59.947021484375,28,562.0,26.921875,1095.626708984375,37,2694.0,3.046875,14.191162109375,24,268.0,5.390625,52.773193359375,27,515.0,6.078125,90.132568359375,35,658.0,5.8125,52.546875,34,545.0,6.921875,83.327880859375,36,715.0,4
147,3.484375,18.544677734375,21,292.0,5.234375,42.773193359375,29,505.0,31.84375,1692.55859375,37,3324.0,3.0625,13.3505859375,27,275.0,4.625,33.2646484375,27,483.0,5.453125,56.253662109375,34,564.0,4.859375,37.532958984375,36,487.0,8.125,152.0380859375,38,951.0,4
148,3.578125,20.714599609375,22,340.0,5.859375,58.531005859375,30,616.0,39.890625,2468.892333984375,43,4224.0,2.96875,12.6630859375,27,244.0,5.359375,42.093505859375,26,537.0,6.921875,88.687255859375,28,692.0,6.046875,58.554443359375,33,561.0,8.6875,165.78125,38,954.0,4
149,4.140625,27.019287109375,22,408.0,5.828125,56.823974609375,30,587.0,36.5,2234.4599609375,46,4045.0,2.265625,7.964599609375,23,207.0,6.984375,87.728271484375,29,685.0,7.5625,103.2724609375,32,762.0,5.453125,51.376708984375,26,469.0,9.46875,173.58984375,37,1015.0,4
150,4.40625,26.27734375,27,400.0,5.71875,47.9521484375,31,537.0,27.953125,1559.128662109375,38,2963.0,1.9375,6.7802734375,23,202.0,7.578125,99.751708984375,32,751.0,6.671875,94.697021484375,26,657.0,4.453125,33.183349609375,34,442.0,8.15625,145.09375,32,898.0,4
151,3.734375,19.572021484375,27,333.0,5.703125,50.044677734375,30,532.0,30.375,1537.4755859375,34,2763.0,2.125,7.7099609375,24,207.0,6.625,65.2490234375,35,642.0,6.953125,102.447021484375,28,732.0,5.703125,51.861083984375,41,571.0,6.65625,86.7490234375,26,686.0,4
152,3.875,22.6396484375,28,360.0,5.609375,51.939208984375,31,545.0,34.359375,1861.939208984375,32,3187.0,2.546875,10.099365234375,21,209.0,6.796875,71.095458984375,38,701.0,7.34375,97.5625,33,774.0,6.0,59.55859375,36,584.0,8.03125,127.9990234375,29,775.0,4
153,4.375,28.9755859375,35,419.0,6.140625,59.091552734375,38,626.0,35.328125,1940.351318359375,36,3706.0,2.90625,12.390625,23,233.0,7.0,82.2021484375,35,724.0,8.15625,125.4755859375,36,887.0,5.484375,51.708740234375,37,579.0,9.109375,167.587646484375,30,884.0,4
154,4.65625,33.6396484375,44,487.0,7.15625,84.0537109375,37,765.0,37.796875,1965.919677734375,37,3490.0,3.203125,16.284912109375,23,286.0,6.34375,68.5380859375,31,617.0,8.90625,140.9287109375,44,1019.0,5.828125,59.452880859375,34,605.0,10.21875,191.234375,38,1091.0,4
155,4.421875,29.224365234375,36,457.0,7.453125,90.032958984375,32,750.0,35.46875,1902.4912109375,31,3225.0,3.53125,20.109375,30,357.0,7.09375,86.9912109375,29,670.0,9.921875,157.458740234375,42,1025.0,7.296875,94.890380859375,30,712.0,10.40625,176.65625,40,1115.0,4
156,3.609375,19.312255859375,25,342.0,7.09375,71.4443359375,32,651.0,33.859375,1930.714599609375,31,3339.0,3.1875,15.77734375,32,322.0,7.359375,97.525146484375,31,769.0,9.125,152.12109375,35,901.0,8.40625,127.5771484375,34,860.0,12.140625,246.308349609375,39,1311.0,4
157,3.65625,22.28125,35,393.0,7.15625,84.34375,36,713.0,37.78125,2263.9443359375,35,3653.0,2.765625,11.741943359375,30,268.0,8.09375,137.68359375,33,880.0,7.5,119.90234375,34,796.0,8.4375,128.4130859375,42,934.0,13.15625,287.203125,43,1445.0,4
158,4.765625,41.962646484375,35,521.0,9.765625,188.370849609375,42,1107.0,42.703125,2895.913818359375,39,4466.0,3.328125,16.304443359375,30,304.0,11.0625,215.2099609375,37,1137.0,7.9375,113.7490234375,35,825.0,9.46875,149.2412109375,39,1039.0,12.6875,287.3037109375,43,1391.0,4
159,4.796875,38.695068359375,33,476.0,10.28125,197.4912109375,41,1117.0,37.8125,2457.90234375,38,3903.0,3.390625,16.902099609375,22,292.0,10.140625,173.300537109375,35,1003.0,6.625,74.625,29,657.0,9.8125,153.83984375,34,998.0,14.03125,387.4052734375,42,1575.0,4
160,4.28125,28.49609375,34,382.0,8.046875,119.593505859375,37,772.0,31.75,1595.9990234375,34,2961.0,2.75,11.8349609375,19,239.0,7.546875,97.296630859375,30,762.0,5.71875,56.6005859375,20,476.0,8.109375,103.966552734375,36,787.0,14.296875,372.431396484375,38,1651.0,4
161,4.171875,27.892333984375,27,335.0,7.703125,99.847412109375,34,726.0,34.4375,1840.5625,36,3479.0,2.515625,9.277099609375,23,234.0,6.921875,82.427490234375,29,661.0,6.0,55.46875,26,540.0,7.875,101.375,35,772.0,12.5,247.4287109375,39,1278.0,4
162,3.890625,23.310302734375,27,350.0,7.3125,77.4375,34,655.0,33.078125,1775.177490234375,36,3405.0,2.625,10.359375,23,248.0,6.65625,78.4990234375,31,689.0,9.8125,196.1787109375,40,1059.0,6.8125,87.3349609375,35,731.0,10.515625,172.880615234375,42,1074.0,4
163,3.515625,20.347412109375,28,363.0,6.59375,73.96484375,34,661.0,26.25,1488.0615234375,37,2726.0,2.671875,10.878662109375,25,249.0,5.84375,76.83984375,30,624.0,9.375,209.6787109375,35,1004.0,3.75,32.24609375,26,400.0,6.875,104.4599609375,32,717.0,4
164,3.25,16.9130859375,24,311.0,5.546875,56.415771484375,34,604.0,13.765625,759.298583984375,34,1495.0,2.125,7.18359375,20,185.0,3.484375,46.130615234375,19,360.0,3.03125,41.46484375,13,275.0,1.984375,13.322021484375,12,176.0,2.8125,27.83984375,19,268.0,4
165,2.984375,14.433349609375,19,249.0,5.375,48.2568359375,36,582.0,6.0,65.49609375,33,641.0,1.8125,5.15234375,15,140.0,1.640625,3.329833984375,10,141.0,1.109375,1.714599609375,6,90.0,1.125,1.171875,7,70.0,1.484375,2.392333984375,16,108.0,5
166,2.546875,10.433349609375,20,218.0,6.125,59.6787109375,36,656.0,6.328125,68.796630859375,33,654.0,2.109375,6.527099609375,21,184.0,1.59375,3.3193359375,9,138.0,1.203125,1.736083984375,13,85.0,0.9375,1.0380859375,6,64.0,1.4375,2.30859375,16,111.0,5
167,2.453125,9.392333984375,26,240.0,6.640625,72.954833984375,37,725.0,6.078125,65.732177734375,33,604.0,2.296875,7.308349609375,28,226.0,1.546875,2.714599609375,11,107.0,1.21875,1.4755859375,14,76.0,0.921875,1.136474609375,8,79.0,1.40625,2.33984375,21,112.0,5
168,2.46875,7.7255859375,26,215.0,6.171875,66.652099609375,40,653.0,6.703125,78.077880859375,40,717.0,2.25,7.52734375,26,206.0,1.5625,2.62109375,11,107.0,1.25,1.49609375,10,81.0,0.9375,1.0146484375,8,78.0,1.59375,3.27734375,27,147.0,5
169,2.578125,9.570068359375,27,221.0,5.9375,76.30859375,33,601.0,7.75,99.046875,39,827.0,2.09375,7.1552734375,19,174.0,1.703125,3.495849609375,10,131.0,1.375,1.7724609375,8,92.0,0.875,0.6875,7,59.0,1.546875,3.351318359375,23,145.0,5
170,2.671875,10.495849609375,22,243.0,5.765625,72.943115234375,25,600.0,8.015625,105.921630859375,37,846.0,2.3125,8.2412109375,20,204.0,5.0,53.24609375,18,485.0,3.96875,32.3583984375,18,374.0,1.0625,1.234375,9,72.0,1.640625,3.745849609375,19,147.0,5
171,2.890625,12.634521484375,22,247.0,5.4375,50.33984375,25,528.0,7.125,94.609375,35,729.0,2.375,7.9365234375,22,194.0,5.4375,55.1552734375,25,529.0,4.15625,33.3583984375,23,395.0,1.125,1.4599609375,10,91.0,1.703125,4.111083984375,16,149.0,5
172,3.234375,16.888427734375,26,285.0,6.828125,91.097412109375,31,681.0,6.5625,93.1083984375,30,662.0,2.109375,6.241943359375,21,171.0,2.171875,6.072021484375,21,174.0,1.65625,3.1865234375,20,126.0,1.046875,1.267333984375,7,83.0,1.4375,2.734375,12,121.0,5
173,2.890625,13.017333984375,31,267.0,6.53125,83.515625,34,706.0,6.671875,81.450927734375,29,665.0,2.046875,6.128662109375,16,169.0,1.796875,4.077880859375,16,152.0,1.4375,2.2099609375,19,117.0,1.09375,1.359375,6,79.0,1.328125,1.878662109375,14,100.0,5
174,2.5625,10.015625,29,244.0,6.03125,58.703125,34,615.0,6.421875,68.079833984375,28,645.0,1.90625,5.625,19,172.0,1.640625,3.325927734375,15,139.0,1.46875,2.484375,19,120.0,1.0,1.078125,4,78.0,1.203125,1.353271484375,10,80.0,5
175,2.171875,7.495849609375,21,204.0,6.078125,56.872802734375,33,587.0,5.8125,62.8974609375,30,612.0,1.84375,5.0849609375,22,177.0,1.46875,2.859375,16,128.0,1.453125,2.579833984375,22,129.0,1.046875,0.950927734375,3,59.0,1.140625,1.478271484375,8,85.0,5
176,2.3125,8.7021484375,19,203.0,5.703125,51.441162109375,26,575.0,7.265625,117.948974609375,37,784.0,2.21875,7.05859375,20,184.0,1.6875,3.8583984375,19,145.0,1.4375,2.7333984375,22,127.0,1.0625,1.265625,6,73.0,1.21875,1.9599609375,12,97.0,5
177,2.5625,10.375,22,217.0,6.515625,73.777099609375,31,717.0,7.828125,129.253662109375,34,814.0,2.296875,7.515380859375,20,177.0,1.671875,3.423583984375,18,137.0,1.375,2.52734375,16,114.0,1.015625,1.335693359375,10,87.0,1.515625,2.609130859375,20,116.0,5
178,2.296875,9.681396484375,26,215.0,7.34375,118.0302734375,37,811.0,6.859375,84.730224609375,34,721.0,2.15625,6.4755859375,25,194.0,1.4375,2.1787109375,9,105.0,1.34375,2.0615234375,13,116.0,1.109375,1.318115234375,12,87.0,1.21875,1.93359375,19,99.0,5
179,2.4375,11.984375,23,243.0,6.5,101.02734375,32,675.0,6.78125,89.8349609375,35,753.0,2.0625,5.3583984375,25,177.0,1.640625,3.066162109375,14,131.0,1.390625,1.859130859375,12,109.0,0.984375,1.239990234375,10,78.0,1.03125,1.5302734375,14,85.0,5
180,2.4375,9.8662109375,27,248.0,5.0,42.7958984375,27,470.0,6.625,89.9833984375,31,670.0,1.953125,4.702880859375,20,161.0,2.015625,4.579833984375,19,164.0,1.4375,2.078125,10,105.0,0.890625,1.070068359375,7,69.0,1.296875,1.786865234375,16,94.0,5
181,2.40625,8.6552734375,24,234.0,4.625,33.2568359375,24,429.0,7.21875,104.6875,30,764.0,1.9375,5.4375,15,145.0,2.09375,5.125,17,159.0,1.625,3.09375,12,131.0,1.0625,1.140625,8,77.0,1.1875,1.5068359375,13,86.0,5
182,2.296875,8.017333984375,20,214.0,6.421875,80.517333984375,31,653.0,7.4375,105.52734375,32,840.0,1.890625,4.763427734375,18,138.0,1.953125,4.144287109375,14,138.0,1.5625,2.6005859375,14,118.0,1.0625,1.078125,9,81.0,1.15625,1.65234375,11,97.0,5
183,2.296875,8.003662109375,18,185.0,7.96875,106.1943359375,35,834.0,5.359375,61.642333984375,32,596.0,1.875,4.4365234375,23,165.0,1.953125,4.489990234375,15,153.0,1.671875,2.597412109375,19,122.0,1.015625,1.048583984375,8,82.0,1.34375,1.96484375,14,106.0,5
184,2.109375,7.013427734375,14,178.0,6.703125,67.083740234375,36,702.0,4.578125,40.357177734375,31,484.0,2.28125,8.1240234375,24,188.0,2.203125,6.079833984375,20,190.0,1.8125,3.2568359375,20,136.0,1.046875,0.941162109375,6,68.0,1.34375,1.8974609375,18,107.0,5
185,1.8125,4.7099609375,17,167.0,5.71875,48.1318359375,38,606.0,5.921875,57.950927734375,39,660.0,2.5625,10.1865234375,24,236.0,2.109375,4.663818359375,20,177.0,1.6875,2.7646484375,15,123.0,1.078125,1.048583984375,11,72.0,1.234375,1.724365234375,16,99.0,5
186,2.359375,9.478271484375,19,197.0,6.28125,72.40234375,35,669.0,5.4375,50.1474609375,36,543.0,2.125,7.1708984375,23,212.0,1.8125,3.2958984375,16,143.0,1.59375,2.43359375,13,111.0,1.265625,1.659912109375,14,86.0,1.234375,1.991943359375,10,93.0,5
187,2.53125,11.27734375,22,240.0,6.59375,77.5927734375,29,654.0,4.5,39.34375,27,417.0,1.96875,6.109375,20,180.0,1.828125,3.198974609375,14,130.0,1.5625,2.37109375,12,105.0,1.109375,1.316162109375,8,73.0,1.234375,2.027099609375,10,98.0,5
188,2.0625,6.7490234375,26,216.0,5.71875,50.8740234375,33,600.0,5.1875,62.8037109375,29,539.0,1.828125,5.394287109375,19,168.0,1.84375,2.984375,13,122.0,1.4375,1.93359375,7,92.0,0.859375,0.739990234375,5,61.0,1.1875,1.8583984375,14,101.0,5
189,2.15625,6.3583984375,32,226.0,5.734375,54.023193359375,37,630.0,6.796875,88.935302734375,39,714.0,1.6875,4.7021484375,17,150.0,1.921875,5.009521484375,16,151.0,1.296875,1.577880859375,10,86.0,1.0,0.828125,4,64.0,1.140625,1.552490234375,18,102.0,5
190,2.40625,7.9677734375,30,239.0,7.0,79.0693359375,38,709.0,5.953125,68.452880859375,34,605.0,1.8125,4.96484375,17,160.0,1.71875,4.4287109375,15,137.0,1.28125,1.59375,11,87.0,1.09375,0.84375,5,71.0,1.21875,1.52734375,12,93.0,5
191,2.421875,10.759521484375,23,247.0,6.828125,78.681396484375,38,702.0,4.890625,75.898193359375,25,479.0,1.84375,4.9912109375,19,143.0,1.765625,4.521240234375,9,116.0,1.5625,4.33984375,10,113.0,1.421875,6.306396484375,10,124.0,1.5625,4.6005859375,8,112.0,5
192,3.59375,26.5380859375,23,369.0,7.578125,92.404052734375,35,806.0,10.5,261.59375,31,1090.0,2.46875,9.6474609375,25,224.0,3.203125,16.581787109375,21,304.0,6.046875,106.220458984375,31,685.0,6.234375,156.363037109375,24,679.0,4.421875,39.282958984375,23,435.0,5
193,5.28125,45.5615234375,31,521.0,12.0,240.27734375,39,1308.0,15.15625,406.8505859375,40,1604.0,3.375,15.34375,27,279.0,6.421875,76.357177734375,34,635.0,13.6875,414.4990234375,37,1382.0,14.265625,507.019287109375,31,1500.0,8.171875,119.880615234375,32,799.0,6
194,4.859375,37.054443359375,31,438.0,12.953125,293.228271484375,37,1369.0,13.609375,305.829833984375,40,1436.0,3.15625,13.8974609375,25,258.0,7.484375,93.347412109375,32,709.0,13.59375,406.80859375,28,1271.0,15.359375,515.939208984375,29,1514.0,7.0625,102.9365234375,29,683.0,6
195,3.765625,21.941162109375,25,321.0,8.703125,144.277099609375,38,895.0,13.046875,270.499755859375,37,1304.0,2.484375,8.665771484375,19,204.0,6.140625,68.380615234375,27,582.0,9.921875,216.929443359375,30,1005.0,13.453125,370.103271484375,30,1365.0,5.375,47.4599609375,26,497.0,6
196,3.625,20.65234375,28,355.0,8.359375,125.419677734375,43,893.0,12.546875,287.581787109375,32,1280.0,2.171875,6.474365234375,15,173.0,6.1875,72.43359375,32,642.0,9.578125,215.458740234375,32,1041.0,13.109375,353.779052734375,30,1348.0,5.203125,45.991943359375,27,498.0,6
197,3.84375,22.2724609375,31,397.0,9.9375,173.49609375,40,1064.0,11.5625,231.328125,30,1106.0,2.203125,6.607177734375,23,186.0,6.359375,66.698974609375,33,641.0,8.359375,143.476318359375,30,869.0,11.390625,265.150146484375,29,1187.0,5.8125,51.7021484375,35,580.0,6
198,4.21875,28.0849609375,31,443.0,8.078125,114.581787109375,34,797.0,12.546875,268.335693359375,36,1198.0,2.3125,7.55859375,25,215.0,6.75,76.7490234375,27,675.0,8.921875,150.345458984375,32,902.0,11.640625,299.031005859375,31,1204.0,6.453125,59.876708984375,34,631.0,6
199,4.25,33.1708984375,35,439.0,7.890625,101.421630859375,33,801.0,14.96875,398.75,39,1470.0,2.390625,7.796630859375,21,206.0,7.203125,89.614990234375,32,730.0,9.84375,188.1875,36,1022.0,12.78125,333.7568359375,36,1348.0,6.8125,86.4755859375,33,662.0,6
200,4.296875,32.165771484375,32,402.0,9.34375,146.27734375,32,946.0,16.234375,443.144287109375,37,1544.0,2.390625,6.950927734375,22,194.0,7.03125,89.7021484375,34,642.0,8.5625,139.5625,35,846.0,10.625,210.4677734375,33,1079.0,6.578125,87.464599609375,33,641.0,6
201,4.1875,25.4599609375,27,374.0,8.984375,143.706787109375,31,898.0,15.234375,406.200927734375,34,1530.0,2.25,6.3740234375,25,197.0,6.3125,77.2646484375,27,577.0,7.625,103.99609375,30,754.0,10.90625,227.1005859375,35,1076.0,5.328125,48.907958984375,28,512.0,6
202,4.078125,25.747802734375,35,408.0,8.125,111.24609375,31,752.0,12.453125,298.013427734375,29,1304.0,2.328125,8.111083984375,25,212.0,6.578125,74.962646484375,26,632.0,9.109375,196.958740234375,32,967.0,13.296875,391.124755859375,38,1400.0,5.46875,62.46484375,32,543.0,6
203,4.3125,30.21484375,36,431.0,9.75,179.74609375,33,1016.0,10.6875,208.3896484375,33,1110.0,2.0,7.2724609375,20,185.0,6.09375,62.1474609375,29,590.0,11.3125,294.12109375,38,1163.0,14.484375,450.616943359375,35,1530.0,5.6875,69.609375,29,539.0,6
204,3.90625,25.1005859375,27,345.0,12.09375,292.6875,41,1363.0,10.625,201.078125,33,1071.0,1.859375,5.767333984375,21,176.0,5.46875,48.33984375,35,506.0,11.03125,237.58984375,33,1022.0,14.984375,392.706787109375,31,1481.0,5.828125,59.573974609375,20,509.0,6
205,3.765625,22.591552734375,18,316.0,11.390625,259.786865234375,37,1215.0,9.234375,150.714599609375,26,898.0,2.0625,6.4912109375,22,197.0,5.828125,59.732177734375,35,532.0,9.859375,170.753662109375,30,913.0,13.109375,308.818115234375,32,1222.0,6.25,78.09375,18,566.0,6
206,3.640625,22.923583984375,21,331.0,10.078125,199.880615234375,34,1049.0,8.234375,108.804443359375,28,722.0,1.96875,5.7490234375,23,193.0,5.015625,44.435302734375,37,474.0,9.140625,153.909912109375,34,921.0,12.21875,282.8896484375,38,1210.0,5.640625,74.505615234375,23,586.0,6
207,3.421875,18.249755859375,28,310.0,9.1875,154.2958984375,41,1003.0,8.171875,110.695068359375,36,799.0,1.984375,4.880615234375,21,158.0,5.046875,44.099365234375,31,464.0,7.28125,99.75,30,693.0,10.28125,194.96484375,31,934.0,4.703125,48.210693359375,30,509.0,6
208,3.859375,19.796630859375,28,357.0,8.578125,122.212646484375,42,965.0,7.5,108.1396484375,37,757.0,2.0625,5.80859375,19,149.0,5.140625,49.923583984375,24,483.0,5.078125,53.816162109375,26,462.0,7.046875,96.839599609375,24,593.0,5.921875,64.697021484375,32,569.0,6
209,3.96875,22.0625,26,371.0,8.96875,136.6162109375,38,969.0,7.1875,91.6865234375,30,658.0,2.078125,6.894287109375,17,175.0,4.96875,46.4443359375,27,456.0,5.4375,53.40234375,31,540.0,7.9375,149.7099609375,28,806.0,6.671875,76.693115234375,31,641.0,6
210,4.125,25.8115234375,29,376.0,7.671875,105.364990234375,35,815.0,7.859375,107.249755859375,22,638.0,1.921875,6.126708984375,16,177.0,4.78125,42.3349609375,30,448.0,5.90625,69.265625,37,609.0,7.84375,162.546875,25,763.0,6.25,65.9833984375,28,570.0,6
211,3.84375,22.80859375,33,376.0,8.921875,180.513427734375,38,941.0,8.59375,140.390625,22,722.0,2.234375,8.390380859375,19,213.0,4.03125,29.7568359375,23,362.0,5.28125,71.359375,29,550.0,6.46875,98.9208984375,27,652.0,6.125,57.2958984375,32,595.0,6
212,3.609375,19.667724609375,36,361.0,8.59375,173.2880859375,31,926.0,9.125,167.2412109375,29,870.0,2.4375,9.9443359375,20,214.0,4.078125,29.232177734375,25,343.0,4.625,47.5771484375,20,427.0,6.734375,89.300537109375,29,729.0,5.375,44.328125,33,543.0,6
213,3.453125,19.351318359375,31,325.0,5.515625,51.089599609375,25,543.0,7.234375,110.163818359375,36,749.0,1.96875,7.25,18,168.0,4.09375,29.7412109375,32,393.0,4.09375,27.9677734375,26,399.0,6.109375,65.286865234375,33,667.0,4.71875,37.0,29,459.0,6
214,3.265625,17.152099609375,26,299.0,7.734375,104.749755859375,27,717.0,7.171875,97.493896484375,34,730.0,2.28125,8.8740234375,26,218.0,3.890625,28.788818359375,25,385.0,4.34375,37.6005859375,29,470.0,5.984375,75.937255859375,35,635.0,5.03125,45.6630859375,28,488.0,6
215,3.265625,15.228271484375,29,293.0,10.234375,188.427490234375,30,978.0,8.625,145.2177734375,32,880.0,2.546875,9.515380859375,28,241.0,4.171875,28.542724609375,22,363.0,4.984375,44.788818359375,25,498.0,6.171875,83.132568359375,29,633.0,5.28125,42.484375,35,523.0,6
216,2.984375,13.542724609375,29,281.0,10.28125,219.1162109375,37,1098.0,9.453125,192.222412109375,33,975.0,2.546875,8.259521484375,22,204.0,3.78125,22.74609375,21,322.0,4.796875,36.450927734375,30,490.0,6.8125,85.2021484375,27,669.0,4.453125,28.948974609375,32,447.0,6
217,3.328125,16.904052734375,30,300.0,9.6875,176.796875,38,1035.0,9.703125,180.556396484375,33,984.0,2.609375,8.489990234375,24,212.0,3.375,19.5068359375,22,320.0,5.609375,46.546630859375,40,572.0,7.890625,109.632568359375,33,820.0,4.65625,34.02734375,28,481.0,6
218,3.296875,17.085693359375,23,271.0,9.25,137.27734375,39,977.0,9.859375,175.839599609375,43,1077.0,2.125,6.40625,26,204.0,3.421875,20.419677734375,22,334.0,6.234375,59.911865234375,34,577.0,7.703125,98.736083984375,35,760.0,5.359375,42.964599609375,32,539.0,6
219,3.546875,22.200927734375,26,341.0,10.109375,171.421630859375,41,1087.0,10.203125,213.800537109375,41,1150.0,1.859375,4.359130859375,22,164.0,3.859375,26.095458984375,21,355.0,5.0625,48.9443359375,24,463.0,7.40625,108.21484375,37,732.0,5.421875,51.695068359375,31,534.0,6
220,3.90625,26.2255859375,32,372.0,9.625,168.12109375,36,1041.0,10.015625,182.027099609375,36,1069.0,2.1875,5.8974609375,26,196.0,4.578125,41.853271484375,25,433.0,5.25,56.30859375,24,497.0,8.0,126.0615234375,38,820.0,5.109375,49.300537109375,32,485.0,6
221,3.109375,15.450927734375,23,266.0,7.890625,108.509521484375,33,811.0,10.53125,210.9755859375,37,1134.0,2.40625,8.203125,27,231.0,4.125,37.5625,29,432.0,5.390625,58.353271484375,28,530.0,7.328125,92.456787109375,34,751.0,4.671875,36.966552734375,29,413.0,6
222,3.0625,11.7490234375,22,272.0,7.28125,96.4287109375,30,744.0,10.140625,213.913818359375,38,1112.0,2.390625,8.700927734375,22,216.0,3.421875,20.632568359375,27,330.0,4.765625,42.689208984375,33,491.0,6.640625,75.827880859375,29,679.0,4.6875,33.96484375,31,417.0,6
223,3.546875,18.640380859375,31,356.0,8.984375,164.560302734375,36,1013.0,9.3125,155.859375,34,969.0,2.203125,8.038818359375,19,194.0,3.703125,20.366943359375,27,305.0,4.96875,43.765625,34,486.0,7.796875,110.214599609375,29,753.0,4.828125,37.353271484375,35,493.0,6
